epoch,lr-Adam,step,train_loss_epoch,train_loss_step,val_MAE,val_MAPE,val_RMSE,val_SMAPE,val_loss
,0.001,49,,,,,,,
0,,49,,357.6572570800781,,,,,
,0.001,99,,,,,,,
0,,99,,207.54396057128906,,,,,
,0.001,149,,,,,,,
0,,149,,174.57394409179688,,,,,
,0.001,199,,,,,,,
0,,199,,152.85491943359375,,,,,
,0.001,249,,,,,,,
0,,249,,151.92544555664062,,,,,
,0.001,299,,,,,,,
0,,299,,148.35557556152344,,,,,
,0.001,349,,,,,,,
0,,349,,137.10157775878906,,,,,
,0.001,399,,,,,,,
0,,399,,106.30580139160156,,,,,
,0.001,449,,,,,,,
0,,449,,159.14772033691406,,,,,
,0.001,499,,,,,,,
0,,499,,111.48673248291016,,,,,
,0.001,549,,,,,,,
0,,549,,117.869873046875,,,,,
,0.001,599,,,,,,,
0,,599,,106.92467498779297,,,,,
,0.001,649,,,,,,,
0,,649,,114.76309204101562,,,,,
,0.001,699,,,,,,,
0,,699,,111.06448364257812,,,,,
,0.001,749,,,,,,,
0,,749,,109.64254760742188,,,,,
,0.001,799,,,,,,,
0,,799,,107.00001525878906,,,,,
,0.001,849,,,,,,,
0,,849,,99.4168701171875,,,,,
,0.001,899,,,,,,,
0,,899,,97.32123565673828,,,,,
,0.001,949,,,,,,,
0,,949,,88.55894470214844,,,,,
,0.001,999,,,,,,,
0,,999,,90.49349975585938,,,,,
,0.001,1049,,,,,,,
0,,1049,,112.51338958740234,,,,,
,0.001,1099,,,,,,,
0,,1099,,108.94242858886719,,,,,
,0.001,1149,,,,,,,
0,,1149,,90.15438079833984,,,,,
,0.001,1199,,,,,,,
0,,1199,,77.6376724243164,,,,,
,0.001,1249,,,,,,,
0,,1249,,92.41429901123047,,,,,
,0.001,1299,,,,,,,
0,,1299,,82.33419799804688,,,,,
,0.001,1349,,,,,,,
0,,1349,,87.08760833740234,,,,,
,0.001,1399,,,,,,,
0,,1399,,115.6085205078125,,,,,
,0.001,1449,,,,,,,
0,,1449,,87.60791778564453,,,,,
,0.001,1499,,,,,,,
0,,1499,,83.44982147216797,,,,,
,0.001,1549,,,,,,,
0,,1549,,90.891357421875,,,,,
,0.001,1599,,,,,,,
0,,1599,,82.212890625,,,,,
,0.001,1649,,,,,,,
0,,1649,,81.91914367675781,,,,,
,0.001,1699,,,,,,,
0,,1699,,78.7393569946289,,,,,
,0.001,1749,,,,,,,
0,,1749,,78.62946319580078,,,,,
,0.001,1799,,,,,,,
0,,1799,,68.59068298339844,,,,,
,0.001,1849,,,,,,,
0,,1849,,82.25209045410156,,,,,
,0.001,1899,,,,,,,
0,,1899,,83.13761901855469,,,,,
,0.001,1949,,,,,,,
0,,1949,,77.42552185058594,,,,,
,0.001,1999,,,,,,,
0,,1999,,82.17485046386719,,,,,
,0.001,2049,,,,,,,
0,,2049,,94.1316146850586,,,,,
,0.001,2099,,,,,,,
0,,2099,,99.08576202392578,,,,,
,0.001,2149,,,,,,,
0,,2149,,73.975830078125,,,,,
,0.001,2199,,,,,,,
0,,2199,,92.16739654541016,,,,,
,0.001,2249,,,,,,,
0,,2249,,72.74972534179688,,,,,
,0.001,2299,,,,,,,
0,,2299,,73.48182678222656,,,,,
,0.001,2349,,,,,,,
0,,2349,,75.82521057128906,,,,,
,0.001,2399,,,,,,,
0,,2399,,67.29802703857422,,,,,
,0.001,2449,,,,,,,
0,,2449,,64.89122772216797,,,,,
,0.001,2499,,,,,,,
0,,2499,,78.5615463256836,,,,,
,0.001,2549,,,,,,,
0,,2549,,70.99183654785156,,,,,
,0.001,2599,,,,,,,
0,,2599,,70.60746765136719,,,,,
,0.001,2649,,,,,,,
0,,2649,,78.29927062988281,,,,,
,0.001,2699,,,,,,,
0,,2699,,73.54532623291016,,,,,
,0.001,2749,,,,,,,
0,,2749,,72.06773376464844,,,,,
,0.001,2799,,,,,,,
0,,2799,,68.73946380615234,,,,,
,0.001,2849,,,,,,,
0,,2849,,89.8158187866211,,,,,
,0.001,2899,,,,,,,
0,,2899,,72.80079650878906,,,,,
,0.001,2949,,,,,,,
0,,2949,,84.12680053710938,,,,,
,0.001,2999,,,,,,,
0,,2999,,80.36229705810547,,,,,
,0.001,3049,,,,,,,
0,,3049,,88.40750122070312,,,,,
,0.001,3099,,,,,,,
0,,3099,,68.73368835449219,,,,,
,0.001,3149,,,,,,,
0,,3149,,79.45301055908203,,,,,
,0.001,3199,,,,,,,
0,,3199,,65.20914459228516,,,,,
,0.001,3249,,,,,,,
0,,3249,,79.62157440185547,,,,,
,0.001,3299,,,,,,,
0,,3299,,63.72001266479492,,,,,
,0.001,3349,,,,,,,
0,,3349,,68.43257904052734,,,,,
,0.001,3399,,,,,,,
0,,3399,,95.87501525878906,,,,,
,0.001,3449,,,,,,,
0,,3449,,69.99921417236328,,,,,
,0.001,3499,,,,,,,
0,,3499,,75.39228820800781,,,,,
,0.001,3549,,,,,,,
0,,3549,,65.89775848388672,,,,,
,0.001,3599,,,,,,,
0,,3599,,90.14393615722656,,,,,
,0.001,3649,,,,,,,
0,,3649,,69.96263885498047,,,,,
,0.001,3699,,,,,,,
0,,3699,,66.36111450195312,,,,,
,0.001,3749,,,,,,,
0,,3749,,76.40568542480469,,,,,
,0.001,3799,,,,,,,
0,,3799,,58.63715362548828,,,,,
,0.001,3849,,,,,,,
0,,3849,,72.44660949707031,,,,,
,0.001,3899,,,,,,,
0,,3899,,65.72615051269531,,,,,
,0.001,3949,,,,,,,
0,,3949,,60.52503204345703,,,,,
,0.001,3999,,,,,,,
0,,3999,,71.37257385253906,,,,,
,0.001,4049,,,,,,,
0,,4049,,97.58366394042969,,,,,
,0.001,4099,,,,,,,
0,,4099,,69.337890625,,,,,
,0.001,4149,,,,,,,
0,,4149,,60.47977066040039,,,,,
,0.001,4199,,,,,,,
0,,4199,,73.42584991455078,,,,,
,0.001,4249,,,,,,,
0,,4249,,65.399658203125,,,,,
,0.001,4299,,,,,,,
0,,4299,,69.47306823730469,,,,,
,0.001,4349,,,,,,,
0,,4349,,69.25045776367188,,,,,
,0.001,4399,,,,,,,
0,,4399,,72.14424896240234,,,,,
,0.001,4449,,,,,,,
0,,4449,,64.03245544433594,,,,,
,0.001,4499,,,,,,,
0,,4499,,65.61817932128906,,,,,
,0.001,4549,,,,,,,
0,,4549,,67.86002349853516,,,,,
,0.001,4599,,,,,,,
0,,4599,,62.24260330200195,,,,,
,0.001,4649,,,,,,,
0,,4649,,69.72815704345703,,,,,
,0.001,4699,,,,,,,
0,,4699,,65.52780151367188,,,,,
,0.001,4749,,,,,,,
0,,4749,,70.89747619628906,,,,,
,0.001,4799,,,,,,,
0,,4799,,68.6856460571289,,,,,
,0.001,4849,,,,,,,
0,,4849,,65.30880737304688,,,,,
,0.001,4899,,,,,,,
0,,4899,,81.98387145996094,,,,,
,0.001,4949,,,,,,,
0,,4949,,65.07701873779297,,,,,
,0.001,4999,,,,,,,
0,,4999,,63.64091491699219,,,,,
,0.001,5049,,,,,,,
0,,5049,,75.27594757080078,,,,,
,0.001,5099,,,,,,,
0,,5099,,63.21883773803711,,,,,
,0.001,5149,,,,,,,
0,,5149,,65.49972534179688,,,,,
,0.001,5199,,,,,,,
0,,5199,,63.13173294067383,,,,,
,0.001,5249,,,,,,,
0,,5249,,57.11153030395508,,,,,
,0.001,5299,,,,,,,
0,,5299,,72.2554931640625,,,,,
,0.001,5349,,,,,,,
0,,5349,,62.560142517089844,,,,,
,0.001,5399,,,,,,,
0,,5399,,68.45076751708984,,,,,
,0.001,5449,,,,,,,
0,,5449,,52.73765182495117,,,,,
,0.001,5499,,,,,,,
0,,5499,,69.42987823486328,,,,,
,0.001,5549,,,,,,,
0,,5549,,64.84050750732422,,,,,
,0.001,5599,,,,,,,
0,,5599,,55.61927032470703,,,,,
,0.001,5649,,,,,,,
0,,5649,,74.42948913574219,,,,,
,0.001,5699,,,,,,,
0,,5699,,59.273563385009766,,,,,
,0.001,5749,,,,,,,
0,,5749,,65.41567993164062,,,,,
,0.001,5799,,,,,,,
0,,5799,,73.8171157836914,,,,,
,0.001,5849,,,,,,,
0,,5849,,56.152587890625,,,,,
,0.001,5899,,,,,,,
0,,5899,,64.63274383544922,,,,,
,0.001,5949,,,,,,,
0,,5949,,68.84635162353516,,,,,
,0.001,5999,,,,,,,
0,,5999,,60.7088508605957,,,,,
,0.001,6049,,,,,,,
0,,6049,,65.22215270996094,,,,,
,0.001,6099,,,,,,,
0,,6099,,59.0254020690918,,,,,
,0.001,6149,,,,,,,
0,,6149,,77.88420104980469,,,,,
,0.001,6199,,,,,,,
0,,6199,,64.46878814697266,,,,,
,0.001,6249,,,,,,,
0,,6249,,60.329166412353516,,,,,
,0.001,6299,,,,,,,
0,,6299,,70.50850677490234,,,,,
,0.001,6349,,,,,,,
0,,6349,,62.8939094543457,,,,,
,0.001,6399,,,,,,,
0,,6399,,54.02062225341797,,,,,
,0.001,6449,,,,,,,
0,,6449,,61.1009407043457,,,,,
,0.001,6499,,,,,,,
0,,6499,,59.53994369506836,,,,,
,0.001,6549,,,,,,,
0,,6549,,55.587440490722656,,,,,
,0.001,6599,,,,,,,
0,,6599,,61.93857192993164,,,,,
,0.001,6649,,,,,,,
0,,6649,,71.44072723388672,,,,,
,0.001,6699,,,,,,,
0,,6699,,55.670467376708984,,,,,
,0.001,6749,,,,,,,
0,,6749,,58.584781646728516,,,,,
,0.001,6799,,,,,,,
0,,6799,,80.51600646972656,,,,,
,0.001,6849,,,,,,,
0,,6849,,63.79865264892578,,,,,
,0.001,6899,,,,,,,
0,,6899,,58.662357330322266,,,,,
,0.001,6949,,,,,,,
0,,6949,,58.65087890625,,,,,
,0.001,6999,,,,,,,
0,,6999,,68.29779815673828,,,,,
,0.001,7049,,,,,,,
0,,7049,,67.5105209350586,,,,,
,0.001,7099,,,,,,,
0,,7099,,74.9193115234375,,,,,
,0.001,7149,,,,,,,
0,,7149,,64.83879089355469,,,,,
,0.001,7199,,,,,,,
0,,7199,,66.91871643066406,,,,,
,0.001,7249,,,,,,,
0,,7249,,68.04917907714844,,,,,
,0.001,7299,,,,,,,
0,,7299,,70.13670349121094,,,,,
,0.001,7349,,,,,,,
0,,7349,,60.42482376098633,,,,,
,0.001,7399,,,,,,,
0,,7399,,54.03602600097656,,,,,
,0.001,7449,,,,,,,
0,,7449,,64.81521606445312,,,,,
,0.001,7499,,,,,,,
0,,7499,,56.562477111816406,,,,,
,0.001,7549,,,,,,,
0,,7549,,54.919960021972656,,,,,
,0.001,7599,,,,,,,
0,,7599,,58.53047561645508,,,,,
,0.001,7649,,,,,,,
0,,7649,,87.7131118774414,,,,,
,0.001,7699,,,,,,,
0,,7699,,62.395774841308594,,,,,
,0.001,7749,,,,,,,
0,,7749,,56.87300491333008,,,,,
,0.001,7799,,,,,,,
0,,7799,,62.69468688964844,,,,,
,0.001,7849,,,,,,,
0,,7849,,64.50068664550781,,,,,
,0.001,7899,,,,,,,
0,,7899,,61.188255310058594,,,,,
,0.001,7949,,,,,,,
0,,7949,,59.92150115966797,,,,,
,0.001,7999,,,,,,,
0,,7999,,54.374107360839844,,,,,
,0.001,8049,,,,,,,
0,,8049,,59.957157135009766,,,,,
0,,8095,,,634.9779052734375,0.008850938640534878,655.9408569335938,0.008802293799817562,123.5927505493164
0,,8095,84.9714584350586,,,,,,
,0.001,8099,,,,,,,
1,,8099,,66.2754135131836,,,,,
,0.001,8149,,,,,,,
1,,8149,,71.93953704833984,,,,,
,0.001,8199,,,,,,,
1,,8199,,54.252098083496094,,,,,
,0.001,8249,,,,,,,
1,,8249,,54.71092987060547,,,,,
,0.001,8299,,,,,,,
1,,8299,,67.14237976074219,,,,,
,0.001,8349,,,,,,,
1,,8349,,58.07442092895508,,,,,
,0.001,8399,,,,,,,
1,,8399,,67.65613555908203,,,,,
,0.001,8449,,,,,,,
1,,8449,,54.28662872314453,,,,,
,0.001,8499,,,,,,,
1,,8499,,60.773231506347656,,,,,
,0.001,8549,,,,,,,
1,,8549,,64.6471939086914,,,,,
,0.001,8599,,,,,,,
1,,8599,,55.85560989379883,,,,,
,0.001,8649,,,,,,,
1,,8649,,77.04322052001953,,,,,
,0.001,8699,,,,,,,
1,,8699,,67.56834411621094,,,,,
,0.001,8749,,,,,,,
1,,8749,,56.247642517089844,,,,,
,0.001,8799,,,,,,,
1,,8799,,57.14330291748047,,,,,
,0.001,8849,,,,,,,
1,,8849,,59.450050354003906,,,,,
,0.001,8899,,,,,,,
1,,8899,,53.89491653442383,,,,,
,0.001,8949,,,,,,,
1,,8949,,60.67741775512695,,,,,
,0.001,8999,,,,,,,
1,,8999,,67.04066467285156,,,,,
,0.001,9049,,,,,,,
1,,9049,,55.9071044921875,,,,,
,0.001,9099,,,,,,,
1,,9099,,54.7731819152832,,,,,
,0.001,9149,,,,,,,
1,,9149,,73.26858520507812,,,,,
,0.001,9199,,,,,,,
1,,9199,,60.653907775878906,,,,,
,0.001,9249,,,,,,,
1,,9249,,74.2178726196289,,,,,
,0.001,9299,,,,,,,
1,,9299,,48.24724197387695,,,,,
,0.001,9349,,,,,,,
1,,9349,,63.24244689941406,,,,,
,0.001,9399,,,,,,,
1,,9399,,62.013771057128906,,,,,
,0.001,9449,,,,,,,
1,,9449,,57.763587951660156,,,,,
,0.001,9499,,,,,,,
1,,9499,,56.006568908691406,,,,,
,0.001,9549,,,,,,,
1,,9549,,58.5557746887207,,,,,
,0.001,9599,,,,,,,
1,,9599,,64.30104064941406,,,,,
,0.001,9649,,,,,,,
1,,9649,,49.77360534667969,,,,,
,0.001,9699,,,,,,,
1,,9699,,74.45655822753906,,,,,
,0.001,9749,,,,,,,
1,,9749,,54.90151596069336,,,,,
,0.001,9799,,,,,,,
1,,9799,,51.245052337646484,,,,,
,0.001,9849,,,,,,,
1,,9849,,72.02315521240234,,,,,
,0.001,9899,,,,,,,
1,,9899,,80.5547103881836,,,,,
,0.001,9949,,,,,,,
1,,9949,,54.52353286743164,,,,,
,0.001,9999,,,,,,,
1,,9999,,58.86841583251953,,,,,
,0.001,10049,,,,,,,
1,,10049,,67.72481536865234,,,,,
,0.001,10099,,,,,,,
1,,10099,,63.48899841308594,,,,,
,0.001,10149,,,,,,,
1,,10149,,50.03864669799805,,,,,
,0.001,10199,,,,,,,
1,,10199,,55.58156204223633,,,,,
,0.001,10249,,,,,,,
1,,10249,,59.84699630737305,,,,,
,0.001,10299,,,,,,,
1,,10299,,48.216636657714844,,,,,
,0.001,10349,,,,,,,
1,,10349,,58.17955780029297,,,,,
,0.001,10399,,,,,,,
1,,10399,,55.49266052246094,,,,,
,0.001,10449,,,,,,,
1,,10449,,48.634273529052734,,,,,
,0.001,10499,,,,,,,
1,,10499,,54.859310150146484,,,,,
,0.001,10549,,,,,,,
1,,10549,,64.0083999633789,,,,,
,0.001,10599,,,,,,,
1,,10599,,56.34095764160156,,,,,
,0.001,10649,,,,,,,
1,,10649,,56.022212982177734,,,,,
,0.001,10699,,,,,,,
1,,10699,,56.2092399597168,,,,,
,0.001,10749,,,,,,,
1,,10749,,53.0955810546875,,,,,
,0.001,10799,,,,,,,
1,,10799,,53.35182189941406,,,,,
,0.001,10849,,,,,,,
1,,10849,,60.524723052978516,,,,,
,0.001,10899,,,,,,,
1,,10899,,66.14777374267578,,,,,
,0.001,10949,,,,,,,
1,,10949,,48.90983963012695,,,,,
,0.001,10999,,,,,,,
1,,10999,,66.29532623291016,,,,,
,0.001,11049,,,,,,,
1,,11049,,51.43548583984375,,,,,
,0.001,11099,,,,,,,
1,,11099,,46.47526168823242,,,,,
,0.001,11149,,,,,,,
1,,11149,,59.43159103393555,,,,,
,0.001,11199,,,,,,,
1,,11199,,71.29337310791016,,,,,
,0.001,11249,,,,,,,
1,,11249,,68.05723571777344,,,,,
,0.001,11299,,,,,,,
1,,11299,,53.63780975341797,,,,,
,0.001,11349,,,,,,,
1,,11349,,65.09112548828125,,,,,
,0.001,11399,,,,,,,
1,,11399,,50.24801254272461,,,,,
,0.001,11449,,,,,,,
1,,11449,,59.9752082824707,,,,,
,0.001,11499,,,,,,,
1,,11499,,47.820072174072266,,,,,
,0.001,11549,,,,,,,
1,,11549,,61.75991439819336,,,,,
,0.001,11599,,,,,,,
1,,11599,,49.95629119873047,,,,,
,0.001,11649,,,,,,,
1,,11649,,65.1351318359375,,,,,
,0.001,11699,,,,,,,
1,,11699,,56.31016540527344,,,,,
,0.001,11749,,,,,,,
1,,11749,,52.830989837646484,,,,,
,0.001,11799,,,,,,,
1,,11799,,56.30929183959961,,,,,
,0.001,11849,,,,,,,
1,,11849,,55.21832275390625,,,,,
,0.001,11899,,,,,,,
1,,11899,,77.91609191894531,,,,,
,0.001,11949,,,,,,,
1,,11949,,62.226619720458984,,,,,
,0.001,11999,,,,,,,
1,,11999,,55.67282485961914,,,,,
,0.001,12049,,,,,,,
1,,12049,,45.70210647583008,,,,,
,0.001,12099,,,,,,,
1,,12099,,49.64686584472656,,,,,
,0.001,12149,,,,,,,
1,,12149,,52.95323944091797,,,,,
,0.001,12199,,,,,,,
1,,12199,,54.3762321472168,,,,,
,0.001,12249,,,,,,,
1,,12249,,47.9838981628418,,,,,
,0.001,12299,,,,,,,
1,,12299,,54.53200912475586,,,,,
,0.001,12349,,,,,,,
1,,12349,,55.507511138916016,,,,,
,0.001,12399,,,,,,,
1,,12399,,58.9628791809082,,,,,
,0.001,12449,,,,,,,
1,,12449,,56.52208709716797,,,,,
,0.001,12499,,,,,,,
1,,12499,,49.91261291503906,,,,,
,0.001,12549,,,,,,,
1,,12549,,51.436954498291016,,,,,
,0.001,12599,,,,,,,
1,,12599,,54.65795135498047,,,,,
,0.001,12649,,,,,,,
1,,12649,,53.70345687866211,,,,,
,0.001,12699,,,,,,,
1,,12699,,47.712215423583984,,,,,
,0.001,12749,,,,,,,
1,,12749,,55.505470275878906,,,,,
,0.001,12799,,,,,,,
1,,12799,,60.18557357788086,,,,,
,0.001,12849,,,,,,,
1,,12849,,43.65995788574219,,,,,
,0.001,12899,,,,,,,
1,,12899,,49.918479919433594,,,,,
,0.001,12949,,,,,,,
1,,12949,,52.473323822021484,,,,,
,0.001,12999,,,,,,,
1,,12999,,53.138832092285156,,,,,
,0.001,13049,,,,,,,
1,,13049,,61.11566162109375,,,,,
,0.001,13099,,,,,,,
1,,13099,,59.961830139160156,,,,,
,0.001,13149,,,,,,,
1,,13149,,52.821224212646484,,,,,
,0.001,13199,,,,,,,
1,,13199,,46.27614212036133,,,,,
,0.001,13249,,,,,,,
1,,13249,,52.60539627075195,,,,,
,0.001,13299,,,,,,,
1,,13299,,49.90289306640625,,,,,
,0.001,13349,,,,,,,
1,,13349,,50.45114517211914,,,,,
,0.001,13399,,,,,,,
1,,13399,,66.66172790527344,,,,,
,0.001,13449,,,,,,,
1,,13449,,56.08584976196289,,,,,
,0.001,13499,,,,,,,
1,,13499,,46.61286544799805,,,,,
,0.001,13549,,,,,,,
1,,13549,,49.45219802856445,,,,,
,0.001,13599,,,,,,,
1,,13599,,51.13162612915039,,,,,
,0.001,13649,,,,,,,
1,,13649,,56.261653900146484,,,,,
,0.001,13699,,,,,,,
1,,13699,,63.237083435058594,,,,,
,0.001,13749,,,,,,,
1,,13749,,60.21231460571289,,,,,
,0.001,13799,,,,,,,
1,,13799,,59.373653411865234,,,,,
,0.001,13849,,,,,,,
1,,13849,,56.37009048461914,,,,,
,0.001,13899,,,,,,,
1,,13899,,63.77132034301758,,,,,
,0.001,13949,,,,,,,
1,,13949,,62.86191177368164,,,,,
,0.001,13999,,,,,,,
1,,13999,,63.29673385620117,,,,,
,0.001,14049,,,,,,,
1,,14049,,54.339420318603516,,,,,
,0.001,14099,,,,,,,
1,,14099,,60.99089431762695,,,,,
,0.001,14149,,,,,,,
1,,14149,,71.9391098022461,,,,,
,0.001,14199,,,,,,,
1,,14199,,53.33096694946289,,,,,
,0.001,14249,,,,,,,
1,,14249,,53.0236701965332,,,,,
,0.001,14299,,,,,,,
1,,14299,,59.1051025390625,,,,,
,0.001,14349,,,,,,,
1,,14349,,55.15584182739258,,,,,
,0.001,14399,,,,,,,
1,,14399,,56.91100311279297,,,,,
,0.001,14449,,,,,,,
1,,14449,,63.76311111450195,,,,,
,0.001,14499,,,,,,,
1,,14499,,54.223472595214844,,,,,
,0.001,14549,,,,,,,
1,,14549,,48.13623809814453,,,,,
,0.001,14599,,,,,,,
1,,14599,,55.40003967285156,,,,,
,0.001,14649,,,,,,,
1,,14649,,50.55916976928711,,,,,
,0.001,14699,,,,,,,
1,,14699,,54.16440963745117,,,,,
,0.001,14749,,,,,,,
1,,14749,,58.4661979675293,,,,,
,0.001,14799,,,,,,,
1,,14799,,55.26978302001953,,,,,
,0.001,14849,,,,,,,
1,,14849,,48.000221252441406,,,,,
,0.001,14899,,,,,,,
1,,14899,,53.26274490356445,,,,,
,0.001,14949,,,,,,,
1,,14949,,54.68240737915039,,,,,
,0.001,14999,,,,,,,
1,,14999,,46.76517868041992,,,,,
,0.001,15049,,,,,,,
1,,15049,,55.59043502807617,,,,,
,0.001,15099,,,,,,,
1,,15099,,52.81438446044922,,,,,
,0.001,15149,,,,,,,
1,,15149,,49.518245697021484,,,,,
,0.001,15199,,,,,,,
1,,15199,,51.66792297363281,,,,,
,0.001,15249,,,,,,,
1,,15249,,48.782596588134766,,,,,
,0.001,15299,,,,,,,
1,,15299,,56.916805267333984,,,,,
,0.001,15349,,,,,,,
1,,15349,,65.42277526855469,,,,,
,0.001,15399,,,,,,,
1,,15399,,52.60955810546875,,,,,
,0.001,15449,,,,,,,
1,,15449,,62.077720642089844,,,,,
,0.001,15499,,,,,,,
1,,15499,,55.64038848876953,,,,,
,0.001,15549,,,,,,,
1,,15549,,49.942867279052734,,,,,
,0.001,15599,,,,,,,
1,,15599,,61.64377975463867,,,,,
,0.001,15649,,,,,,,
1,,15649,,49.93242645263672,,,,,
,0.001,15699,,,,,,,
1,,15699,,49.34344482421875,,,,,
,0.001,15749,,,,,,,
1,,15749,,60.98451614379883,,,,,
,0.001,15799,,,,,,,
1,,15799,,44.332603454589844,,,,,
,0.001,15849,,,,,,,
1,,15849,,63.43153762817383,,,,,
,0.001,15899,,,,,,,
1,,15899,,48.50556182861328,,,,,
,0.001,15949,,,,,,,
1,,15949,,47.998390197753906,,,,,
,0.001,15999,,,,,,,
1,,15999,,58.61153793334961,,,,,
,0.001,16049,,,,,,,
1,,16049,,62.28310012817383,,,,,
,0.001,16099,,,,,,,
1,,16099,,52.23439407348633,,,,,
,0.001,16149,,,,,,,
1,,16149,,60.840354919433594,,,,,
1,,16191,,,456.5547790527344,0.0065765236504375935,504.1139831542969,0.006541159003973007,100.90428161621094
1,,16191,56.45983123779297,,,,,,
,0.001,16199,,,,,,,
2,,16199,,56.112667083740234,,,,,
,0.001,16249,,,,,,,
2,,16249,,55.13786697387695,,,,,
,0.001,16299,,,,,,,
2,,16299,,60.790531158447266,,,,,
,0.001,16349,,,,,,,
2,,16349,,57.25862503051758,,,,,
,0.001,16399,,,,,,,
2,,16399,,51.48029327392578,,,,,
,0.001,16449,,,,,,,
2,,16449,,49.36444091796875,,,,,
,0.001,16499,,,,,,,
2,,16499,,68.02153778076172,,,,,
,0.001,16549,,,,,,,
2,,16549,,53.73673629760742,,,,,
,0.001,16599,,,,,,,
2,,16599,,56.18697738647461,,,,,
,0.001,16649,,,,,,,
2,,16649,,48.71659469604492,,,,,
,0.001,16699,,,,,,,
2,,16699,,52.55984115600586,,,,,
,0.001,16749,,,,,,,
2,,16749,,53.82345962524414,,,,,
,0.001,16799,,,,,,,
2,,16799,,52.97514724731445,,,,,
,0.001,16849,,,,,,,
2,,16849,,46.404518127441406,,,,,
,0.001,16899,,,,,,,
2,,16899,,54.9473762512207,,,,,
,0.001,16949,,,,,,,
2,,16949,,48.44346618652344,,,,,
,0.001,16999,,,,,,,
2,,16999,,46.57853317260742,,,,,
,0.001,17049,,,,,,,
2,,17049,,44.450557708740234,,,,,
,0.001,17099,,,,,,,
2,,17099,,56.45315170288086,,,,,
,0.001,17149,,,,,,,
2,,17149,,48.48527908325195,,,,,
,0.001,17199,,,,,,,
2,,17199,,51.863277435302734,,,,,
,0.001,17249,,,,,,,
2,,17249,,50.83699035644531,,,,,
,0.001,17299,,,,,,,
2,,17299,,55.246700286865234,,,,,
,0.001,17349,,,,,,,
2,,17349,,62.4726448059082,,,,,
,0.001,17399,,,,,,,
2,,17399,,60.46238708496094,,,,,
,0.001,17449,,,,,,,
2,,17449,,48.628517150878906,,,,,
,0.001,17499,,,,,,,
2,,17499,,47.2113151550293,,,,,
,0.001,17549,,,,,,,
2,,17549,,47.68766403198242,,,,,
,0.001,17599,,,,,,,
2,,17599,,45.787574768066406,,,,,
,0.001,17649,,,,,,,
2,,17649,,56.96369171142578,,,,,
,0.001,17699,,,,,,,
2,,17699,,56.18397903442383,,,,,
,0.001,17749,,,,,,,
2,,17749,,49.09212875366211,,,,,
,0.001,17799,,,,,,,
2,,17799,,54.89362335205078,,,,,
,0.001,17849,,,,,,,
2,,17849,,55.09419631958008,,,,,
,0.001,17899,,,,,,,
2,,17899,,49.85893249511719,,,,,
,0.001,17949,,,,,,,
2,,17949,,48.9383544921875,,,,,
,0.001,17999,,,,,,,
2,,17999,,44.48482131958008,,,,,
,0.001,18049,,,,,,,
2,,18049,,51.44104766845703,,,,,
,0.001,18099,,,,,,,
2,,18099,,54.72671890258789,,,,,
,0.001,18149,,,,,,,
2,,18149,,53.01658630371094,,,,,
,0.001,18199,,,,,,,
2,,18199,,49.26072311401367,,,,,
,0.001,18249,,,,,,,
2,,18249,,47.372745513916016,,,,,
,0.001,18299,,,,,,,
2,,18299,,46.85652160644531,,,,,
,0.001,18349,,,,,,,
2,,18349,,54.99604797363281,,,,,
,0.001,18399,,,,,,,
2,,18399,,48.47789001464844,,,,,
,0.001,18449,,,,,,,
2,,18449,,48.86331558227539,,,,,
,0.001,18499,,,,,,,
2,,18499,,47.50558853149414,,,,,
,0.001,18549,,,,,,,
2,,18549,,57.22610855102539,,,,,
,0.001,18599,,,,,,,
2,,18599,,58.43318176269531,,,,,
,0.001,18649,,,,,,,
2,,18649,,51.2688102722168,,,,,
,0.001,18699,,,,,,,
2,,18699,,43.24842834472656,,,,,
,0.001,18749,,,,,,,
2,,18749,,50.33757400512695,,,,,
,0.001,18799,,,,,,,
2,,18799,,57.73793029785156,,,,,
,0.001,18849,,,,,,,
2,,18849,,59.0455436706543,,,,,
,0.001,18899,,,,,,,
2,,18899,,59.52687072753906,,,,,
,0.001,18949,,,,,,,
2,,18949,,45.95815658569336,,,,,
,0.001,18999,,,,,,,
2,,18999,,53.33625030517578,,,,,
,0.001,19049,,,,,,,
2,,19049,,46.32044219970703,,,,,
,0.001,19099,,,,,,,
2,,19099,,48.603580474853516,,,,,
,0.001,19149,,,,,,,
2,,19149,,47.791297912597656,,,,,
,0.001,19199,,,,,,,
2,,19199,,54.5787467956543,,,,,
,0.001,19249,,,,,,,
2,,19249,,54.34150314331055,,,,,
,0.001,19299,,,,,,,
2,,19299,,53.917701721191406,,,,,
,0.001,19349,,,,,,,
2,,19349,,52.90609359741211,,,,,
,0.001,19399,,,,,,,
2,,19399,,42.867496490478516,,,,,
,0.001,19449,,,,,,,
2,,19449,,38.80956268310547,,,,,
,0.001,19499,,,,,,,
2,,19499,,58.26695251464844,,,,,
,0.001,19549,,,,,,,
2,,19549,,54.68844223022461,,,,,
,0.001,19599,,,,,,,
2,,19599,,50.6202507019043,,,,,
,0.001,19649,,,,,,,
2,,19649,,53.18754196166992,,,,,
,0.001,19699,,,,,,,
2,,19699,,60.020301818847656,,,,,
,0.001,19749,,,,,,,
2,,19749,,56.99016189575195,,,,,
,0.001,19799,,,,,,,
2,,19799,,61.43024826049805,,,,,
,0.001,19849,,,,,,,
2,,19849,,68.23991394042969,,,,,
,0.001,19899,,,,,,,
2,,19899,,53.18655014038086,,,,,
,0.001,19949,,,,,,,
2,,19949,,45.18687438964844,,,,,
,0.001,19999,,,,,,,
2,,19999,,52.420475006103516,,,,,
,0.001,20049,,,,,,,
2,,20049,,62.258056640625,,,,,
,0.001,20099,,,,,,,
2,,20099,,57.94903564453125,,,,,
,0.001,20149,,,,,,,
2,,20149,,51.685787200927734,,,,,
,0.001,20199,,,,,,,
2,,20199,,45.64830017089844,,,,,
,0.001,20249,,,,,,,
2,,20249,,49.645896911621094,,,,,
,0.001,20299,,,,,,,
2,,20299,,50.139991760253906,,,,,
,0.001,20349,,,,,,,
2,,20349,,61.44657897949219,,,,,
,0.001,20399,,,,,,,
2,,20399,,50.26504135131836,,,,,
,0.001,20449,,,,,,,
2,,20449,,49.8509521484375,,,,,
,0.001,20499,,,,,,,
2,,20499,,55.09563064575195,,,,,
,0.001,20549,,,,,,,
2,,20549,,43.40530776977539,,,,,
,0.001,20599,,,,,,,
2,,20599,,61.67334747314453,,,,,
,0.001,20649,,,,,,,
2,,20649,,45.156044006347656,,,,,
,0.001,20699,,,,,,,
2,,20699,,49.892154693603516,,,,,
,0.001,20749,,,,,,,
2,,20749,,49.562721252441406,,,,,
,0.001,20799,,,,,,,
2,,20799,,55.80186462402344,,,,,
,0.001,20849,,,,,,,
2,,20849,,49.50754928588867,,,,,
,0.001,20899,,,,,,,
2,,20899,,49.23300552368164,,,,,
,0.001,20949,,,,,,,
2,,20949,,49.636356353759766,,,,,
,0.001,20999,,,,,,,
2,,20999,,60.98365020751953,,,,,
,0.001,21049,,,,,,,
2,,21049,,47.044734954833984,,,,,
,0.001,21099,,,,,,,
2,,21099,,62.47060012817383,,,,,
,0.001,21149,,,,,,,
2,,21149,,46.11423873901367,,,,,
,0.001,21199,,,,,,,
2,,21199,,47.384559631347656,,,,,
,0.001,21249,,,,,,,
2,,21249,,52.340110778808594,,,,,
,0.001,21299,,,,,,,
2,,21299,,43.953941345214844,,,,,
,0.001,21349,,,,,,,
2,,21349,,44.97426223754883,,,,,
,0.001,21399,,,,,,,
2,,21399,,56.801509857177734,,,,,
,0.001,21449,,,,,,,
2,,21449,,65.036376953125,,,,,
,0.001,21499,,,,,,,
2,,21499,,51.21005630493164,,,,,
,0.001,21549,,,,,,,
2,,21549,,58.64052963256836,,,,,
,0.001,21599,,,,,,,
2,,21599,,44.35222244262695,,,,,
,0.001,21649,,,,,,,
2,,21649,,58.235897064208984,,,,,
,0.001,21699,,,,,,,
2,,21699,,46.29640197753906,,,,,
,0.001,21749,,,,,,,
2,,21749,,59.7838249206543,,,,,
,0.001,21799,,,,,,,
2,,21799,,50.28535842895508,,,,,
,0.001,21849,,,,,,,
2,,21849,,61.06977081298828,,,,,
,0.001,21899,,,,,,,
2,,21899,,41.232398986816406,,,,,
,0.001,21949,,,,,,,
2,,21949,,51.27480697631836,,,,,
,0.001,21999,,,,,,,
2,,21999,,47.41588592529297,,,,,
,0.001,22049,,,,,,,
2,,22049,,49.94681930541992,,,,,
,0.001,22099,,,,,,,
2,,22099,,54.44001007080078,,,,,
,0.001,22149,,,,,,,
2,,22149,,56.26314926147461,,,,,
,0.001,22199,,,,,,,
2,,22199,,57.09988784790039,,,,,
,0.001,22249,,,,,,,
2,,22249,,54.42498016357422,,,,,
,0.001,22299,,,,,,,
2,,22299,,42.859886169433594,,,,,
,0.001,22349,,,,,,,
2,,22349,,54.790714263916016,,,,,
,0.001,22399,,,,,,,
2,,22399,,53.755958557128906,,,,,
,0.001,22449,,,,,,,
2,,22449,,55.36165237426758,,,,,
,0.001,22499,,,,,,,
2,,22499,,48.65754318237305,,,,,
,0.001,22549,,,,,,,
2,,22549,,46.705501556396484,,,,,
,0.001,22599,,,,,,,
2,,22599,,52.42896270751953,,,,,
,0.001,22649,,,,,,,
2,,22649,,41.037147521972656,,,,,
,0.001,22699,,,,,,,
2,,22699,,50.21072769165039,,,,,
,0.001,22749,,,,,,,
2,,22749,,46.932701110839844,,,,,
,0.001,22799,,,,,,,
2,,22799,,55.43606185913086,,,,,
,0.001,22849,,,,,,,
2,,22849,,50.75212478637695,,,,,
,0.001,22899,,,,,,,
2,,22899,,54.73591995239258,,,,,
,0.001,22949,,,,,,,
2,,22949,,56.55511474609375,,,,,
,0.001,22999,,,,,,,
2,,22999,,54.05083465576172,,,,,
,0.001,23049,,,,,,,
2,,23049,,52.724613189697266,,,,,
,0.001,23099,,,,,,,
2,,23099,,51.90426254272461,,,,,
,0.001,23149,,,,,,,
2,,23149,,44.30549621582031,,,,,
,0.001,23199,,,,,,,
2,,23199,,47.3382453918457,,,,,
,0.001,23249,,,,,,,
2,,23249,,52.79373550415039,,,,,
,0.001,23299,,,,,,,
2,,23299,,50.25819396972656,,,,,
,0.001,23349,,,,,,,
2,,23349,,54.07856369018555,,,,,
,0.001,23399,,,,,,,
2,,23399,,45.55625915527344,,,,,
,0.001,23449,,,,,,,
2,,23449,,52.47274398803711,,,,,
,0.001,23499,,,,,,,
2,,23499,,48.57514190673828,,,,,
,0.001,23549,,,,,,,
2,,23549,,60.75459671020508,,,,,
,0.001,23599,,,,,,,
2,,23599,,44.39307403564453,,,,,
,0.001,23649,,,,,,,
2,,23649,,47.60554122924805,,,,,
,0.001,23699,,,,,,,
2,,23699,,59.30504608154297,,,,,
,0.001,23749,,,,,,,
2,,23749,,55.765357971191406,,,,,
,0.001,23799,,,,,,,
2,,23799,,52.4973030090332,,,,,
,0.001,23849,,,,,,,
2,,23849,,40.771549224853516,,,,,
,0.001,23899,,,,,,,
2,,23899,,49.4305534362793,,,,,
,0.001,23949,,,,,,,
2,,23949,,51.623207092285156,,,,,
,0.001,23999,,,,,,,
2,,23999,,56.51525115966797,,,,,
,0.001,24049,,,,,,,
2,,24049,,48.36388397216797,,,,,
,0.001,24099,,,,,,,
2,,24099,,51.540794372558594,,,,,
,0.001,24149,,,,,,,
2,,24149,,49.69902038574219,,,,,
,0.001,24199,,,,,,,
2,,24199,,53.35270309448242,,,,,
,0.001,24249,,,,,,,
2,,24249,,48.3800048828125,,,,,
2,,24287,,,401.7651062011719,0.005901266820728779,437.5109558105469,0.005865705665200949,83.54655456542969
2,,24287,51.94076156616211,,,,,,
,0.001,24299,,,,,,,
3,,24299,,48.008140563964844,,,,,
,0.001,24349,,,,,,,
3,,24349,,49.33110427856445,,,,,
,0.001,24399,,,,,,,
3,,24399,,53.30950164794922,,,,,
,0.001,24449,,,,,,,
3,,24449,,55.10487747192383,,,,,
,0.001,24499,,,,,,,
3,,24499,,44.98011016845703,,,,,
,0.001,24549,,,,,,,
3,,24549,,46.25751876831055,,,,,
,0.001,24599,,,,,,,
3,,24599,,42.73317337036133,,,,,
,0.001,24649,,,,,,,
3,,24649,,43.825984954833984,,,,,
,0.001,24699,,,,,,,
3,,24699,,57.97968292236328,,,,,
,0.001,24749,,,,,,,
3,,24749,,65.6817398071289,,,,,
,0.001,24799,,,,,,,
3,,24799,,43.703304290771484,,,,,
,0.001,24849,,,,,,,
3,,24849,,48.28392791748047,,,,,
,0.001,24899,,,,,,,
3,,24899,,40.454002380371094,,,,,
,0.001,24949,,,,,,,
3,,24949,,48.915645599365234,,,,,
,0.001,24999,,,,,,,
3,,24999,,49.88962173461914,,,,,
,0.001,25049,,,,,,,
3,,25049,,43.86190414428711,,,,,
,0.001,25099,,,,,,,
3,,25099,,48.02058410644531,,,,,
,0.001,25149,,,,,,,
3,,25149,,42.70979690551758,,,,,
,0.001,25199,,,,,,,
3,,25199,,51.176265716552734,,,,,
,0.001,25249,,,,,,,
3,,25249,,47.20298385620117,,,,,
,0.001,25299,,,,,,,
3,,25299,,52.18141555786133,,,,,
,0.001,25349,,,,,,,
3,,25349,,48.44827651977539,,,,,
,0.001,25399,,,,,,,
3,,25399,,40.52028274536133,,,,,
,0.001,25449,,,,,,,
3,,25449,,46.85355758666992,,,,,
,0.001,25499,,,,,,,
3,,25499,,49.84193420410156,,,,,
,0.001,25549,,,,,,,
3,,25549,,53.13320541381836,,,,,
,0.001,25599,,,,,,,
3,,25599,,47.94308090209961,,,,,
,0.001,25649,,,,,,,
3,,25649,,52.98497772216797,,,,,
,0.001,25699,,,,,,,
3,,25699,,65.92517852783203,,,,,
,0.001,25749,,,,,,,
3,,25749,,42.071956634521484,,,,,
,0.001,25799,,,,,,,
3,,25799,,63.690425872802734,,,,,
,0.001,25849,,,,,,,
3,,25849,,48.67233657836914,,,,,
,0.001,25899,,,,,,,
3,,25899,,57.25008010864258,,,,,
,0.001,25949,,,,,,,
3,,25949,,53.25609588623047,,,,,
,0.001,25999,,,,,,,
3,,25999,,48.22509002685547,,,,,
,0.001,26049,,,,,,,
3,,26049,,41.97603988647461,,,,,
,0.001,26099,,,,,,,
3,,26099,,49.13328552246094,,,,,
,0.001,26149,,,,,,,
3,,26149,,51.09635543823242,,,,,
,0.001,26199,,,,,,,
3,,26199,,56.075660705566406,,,,,
,0.001,26249,,,,,,,
3,,26249,,51.013084411621094,,,,,
,0.001,26299,,,,,,,
3,,26299,,68.80928039550781,,,,,
,0.001,26349,,,,,,,
3,,26349,,56.267879486083984,,,,,
,0.001,26399,,,,,,,
3,,26399,,48.94389724731445,,,,,
,0.001,26449,,,,,,,
3,,26449,,60.94893264770508,,,,,
,0.001,26499,,,,,,,
3,,26499,,45.04532241821289,,,,,
,0.001,26549,,,,,,,
3,,26549,,50.27110290527344,,,,,
,0.001,26599,,,,,,,
3,,26599,,56.27886962890625,,,,,
,0.001,26649,,,,,,,
3,,26649,,46.756649017333984,,,,,
,0.001,26699,,,,,,,
3,,26699,,55.871665954589844,,,,,
,0.001,26749,,,,,,,
3,,26749,,59.42240524291992,,,,,
,0.001,26799,,,,,,,
3,,26799,,52.47144317626953,,,,,
,0.001,26849,,,,,,,
3,,26849,,41.57331848144531,,,,,
,0.001,26899,,,,,,,
3,,26899,,45.29492950439453,,,,,
,0.001,26949,,,,,,,
3,,26949,,42.38181686401367,,,,,
,0.001,26999,,,,,,,
3,,26999,,47.68362808227539,,,,,
,0.001,27049,,,,,,,
3,,27049,,59.985435485839844,,,,,
,0.001,27099,,,,,,,
3,,27099,,56.809940338134766,,,,,
,0.001,27149,,,,,,,
3,,27149,,48.50320053100586,,,,,
,0.001,27199,,,,,,,
3,,27199,,45.21763610839844,,,,,
,0.001,27249,,,,,,,
3,,27249,,45.51599884033203,,,,,
,0.001,27299,,,,,,,
3,,27299,,56.122642517089844,,,,,
,0.001,27349,,,,,,,
3,,27349,,43.56876754760742,,,,,
,0.001,27399,,,,,,,
3,,27399,,50.7723274230957,,,,,
,0.001,27449,,,,,,,
3,,27449,,48.98539733886719,,,,,
,0.001,27499,,,,,,,
3,,27499,,43.63747787475586,,,,,
,0.001,27549,,,,,,,
3,,27549,,43.02553176879883,,,,,
,0.001,27599,,,,,,,
3,,27599,,47.04576873779297,,,,,
,0.001,27649,,,,,,,
3,,27649,,45.156982421875,,,,,
,0.001,27699,,,,,,,
3,,27699,,60.23923873901367,,,,,
,0.001,27749,,,,,,,
3,,27749,,58.05973434448242,,,,,
,0.001,27799,,,,,,,
3,,27799,,38.565467834472656,,,,,
,0.001,27849,,,,,,,
3,,27849,,43.925819396972656,,,,,
,0.001,27899,,,,,,,
3,,27899,,42.92381286621094,,,,,
,0.001,27949,,,,,,,
3,,27949,,49.1508674621582,,,,,
,0.001,27999,,,,,,,
3,,27999,,56.44142150878906,,,,,
,0.001,28049,,,,,,,
3,,28049,,52.80514144897461,,,,,
,0.001,28099,,,,,,,
3,,28099,,48.445213317871094,,,,,
,0.001,28149,,,,,,,
3,,28149,,43.77153778076172,,,,,
,0.001,28199,,,,,,,
3,,28199,,51.49407196044922,,,,,
,0.001,28249,,,,,,,
3,,28249,,48.747127532958984,,,,,
,0.001,28299,,,,,,,
3,,28299,,43.95744705200195,,,,,
,0.001,28349,,,,,,,
3,,28349,,43.52452087402344,,,,,
,0.001,28399,,,,,,,
3,,28399,,51.056251525878906,,,,,
,0.001,28449,,,,,,,
3,,28449,,46.153892517089844,,,,,
,0.001,28499,,,,,,,
3,,28499,,46.07232666015625,,,,,
,0.001,28549,,,,,,,
3,,28549,,49.33605194091797,,,,,
,0.001,28599,,,,,,,
3,,28599,,39.123573303222656,,,,,
,0.001,28649,,,,,,,
3,,28649,,47.09922409057617,,,,,
,0.001,28699,,,,,,,
3,,28699,,45.715309143066406,,,,,
,0.001,28749,,,,,,,
3,,28749,,86.0700454711914,,,,,
,0.001,28799,,,,,,,
3,,28799,,44.07109451293945,,,,,
,0.001,28849,,,,,,,
3,,28849,,52.12946319580078,,,,,
,0.001,28899,,,,,,,
3,,28899,,42.70513153076172,,,,,
,0.001,28949,,,,,,,
3,,28949,,48.3785285949707,,,,,
,0.001,28999,,,,,,,
3,,28999,,50.75019454956055,,,,,
,0.001,29049,,,,,,,
3,,29049,,52.22227096557617,,,,,
,0.001,29099,,,,,,,
3,,29099,,46.43621063232422,,,,,
,0.001,29149,,,,,,,
3,,29149,,45.88518142700195,,,,,
,0.001,29199,,,,,,,
3,,29199,,48.21095275878906,,,,,
,0.001,29249,,,,,,,
3,,29249,,46.39810562133789,,,,,
,0.001,29299,,,,,,,
3,,29299,,45.92173767089844,,,,,
,0.001,29349,,,,,,,
3,,29349,,50.127017974853516,,,,,
,0.001,29399,,,,,,,
3,,29399,,63.54612731933594,,,,,
,0.001,29449,,,,,,,
3,,29449,,61.328392028808594,,,,,
,0.001,29499,,,,,,,
3,,29499,,61.71174240112305,,,,,
,0.001,29549,,,,,,,
3,,29549,,61.15825653076172,,,,,
,0.001,29599,,,,,,,
3,,29599,,55.89752197265625,,,,,
,0.001,29649,,,,,,,
3,,29649,,49.07117462158203,,,,,
,0.001,29699,,,,,,,
3,,29699,,49.107276916503906,,,,,
,0.001,29749,,,,,,,
3,,29749,,50.49348068237305,,,,,
,0.001,29799,,,,,,,
3,,29799,,52.344970703125,,,,,
,0.001,29849,,,,,,,
3,,29849,,41.510643005371094,,,,,
,0.001,29899,,,,,,,
3,,29899,,61.238826751708984,,,,,
,0.001,29949,,,,,,,
3,,29949,,45.83578109741211,,,,,
,0.001,29999,,,,,,,
3,,29999,,53.21530532836914,,,,,
,0.001,30049,,,,,,,
3,,30049,,54.485740661621094,,,,,
,0.001,30099,,,,,,,
3,,30099,,42.15007400512695,,,,,
,0.001,30149,,,,,,,
3,,30149,,77.5422592163086,,,,,
,0.001,30199,,,,,,,
3,,30199,,41.67814254760742,,,,,
,0.001,30249,,,,,,,
3,,30249,,51.077938079833984,,,,,
,0.001,30299,,,,,,,
3,,30299,,47.314552307128906,,,,,
,0.001,30349,,,,,,,
3,,30349,,45.34288024902344,,,,,
,0.001,30399,,,,,,,
3,,30399,,47.15925979614258,,,,,
,0.001,30449,,,,,,,
3,,30449,,41.30988311767578,,,,,
,0.001,30499,,,,,,,
3,,30499,,44.535057067871094,,,,,
,0.001,30549,,,,,,,
3,,30549,,47.032630920410156,,,,,
,0.001,30599,,,,,,,
3,,30599,,42.55045700073242,,,,,
,0.001,30649,,,,,,,
3,,30649,,46.03164291381836,,,,,
,0.001,30699,,,,,,,
3,,30699,,45.585166931152344,,,,,
,0.001,30749,,,,,,,
3,,30749,,50.484458923339844,,,,,
,0.001,30799,,,,,,,
3,,30799,,45.027305603027344,,,,,
,0.001,30849,,,,,,,
3,,30849,,44.3124885559082,,,,,
,0.001,30899,,,,,,,
3,,30899,,48.70500564575195,,,,,
,0.001,30949,,,,,,,
3,,30949,,43.58074188232422,,,,,
,0.001,30999,,,,,,,
3,,30999,,51.4969482421875,,,,,
,0.001,31049,,,,,,,
3,,31049,,63.602237701416016,,,,,
,0.001,31099,,,,,,,
3,,31099,,57.997989654541016,,,,,
,0.001,31149,,,,,,,
3,,31149,,41.964107513427734,,,,,
,0.001,31199,,,,,,,
3,,31199,,49.23431396484375,,,,,
,0.001,31249,,,,,,,
3,,31249,,48.49231719970703,,,,,
,0.001,31299,,,,,,,
3,,31299,,52.31549835205078,,,,,
,0.001,31349,,,,,,,
3,,31349,,44.15275192260742,,,,,
,0.001,31399,,,,,,,
3,,31399,,45.72763442993164,,,,,
,0.001,31449,,,,,,,
3,,31449,,47.24007797241211,,,,,
,0.001,31499,,,,,,,
3,,31499,,41.49443817138672,,,,,
,0.001,31549,,,,,,,
3,,31549,,41.91101837158203,,,,,
,0.001,31599,,,,,,,
3,,31599,,45.83259201049805,,,,,
,0.001,31649,,,,,,,
3,,31649,,45.82570266723633,,,,,
,0.001,31699,,,,,,,
3,,31699,,52.26802062988281,,,,,
,0.001,31749,,,,,,,
3,,31749,,42.02885818481445,,,,,
,0.001,31799,,,,,,,
3,,31799,,40.90841293334961,,,,,
,0.001,31849,,,,,,,
3,,31849,,45.20568084716797,,,,,
,0.001,31899,,,,,,,
3,,31899,,39.14743423461914,,,,,
,0.001,31949,,,,,,,
3,,31949,,40.56035614013672,,,,,
,0.001,31999,,,,,,,
3,,31999,,41.55927658081055,,,,,
,0.001,32049,,,,,,,
3,,32049,,48.25301742553711,,,,,
,0.001,32099,,,,,,,
3,,32099,,57.30806350708008,,,,,
,0.001,32149,,,,,,,
3,,32149,,38.811424255371094,,,,,
,0.001,32199,,,,,,,
3,,32199,,43.68124771118164,,,,,
,0.001,32249,,,,,,,
3,,32249,,48.32027053833008,,,,,
,0.001,32299,,,,,,,
3,,32299,,48.3135871887207,,,,,
,0.001,32349,,,,,,,
3,,32349,,49.57872772216797,,,,,
3,,32383,,,438.6653137207031,0.006264576688408852,484.01715087890625,0.006230298895388842,92.4289779663086
3,,32383,49.357093811035156,,,,,,
,0.001,32399,,,,,,,
4,,32399,,51.56850814819336,,,,,
,0.001,32449,,,,,,,
4,,32449,,50.55118179321289,,,,,
,0.001,32499,,,,,,,
4,,32499,,43.07896423339844,,,,,
,0.001,32549,,,,,,,
4,,32549,,54.51819610595703,,,,,
,0.001,32599,,,,,,,
4,,32599,,43.94629669189453,,,,,
,0.001,32649,,,,,,,
4,,32649,,53.104061126708984,,,,,
,0.001,32699,,,,,,,
4,,32699,,37.84086608886719,,,,,
,0.001,32749,,,,,,,
4,,32749,,44.635135650634766,,,,,
,0.001,32799,,,,,,,
4,,32799,,46.55860137939453,,,,,
,0.001,32849,,,,,,,
4,,32849,,44.14662170410156,,,,,
,0.001,32899,,,,,,,
4,,32899,,47.39013671875,,,,,
,0.001,32949,,,,,,,
4,,32949,,53.94745635986328,,,,,
,0.001,32999,,,,,,,
4,,32999,,41.754844665527344,,,,,
,0.001,33049,,,,,,,
4,,33049,,43.65440368652344,,,,,
,0.001,33099,,,,,,,
4,,33099,,42.15279769897461,,,,,
,0.001,33149,,,,,,,
4,,33149,,43.83271408081055,,,,,
,0.001,33199,,,,,,,
4,,33199,,43.50845718383789,,,,,
,0.001,33249,,,,,,,
4,,33249,,40.464599609375,,,,,
,0.001,33299,,,,,,,
4,,33299,,46.313682556152344,,,,,
,0.001,33349,,,,,,,
4,,33349,,40.780357360839844,,,,,
,0.001,33399,,,,,,,
4,,33399,,43.557044982910156,,,,,
,0.001,33449,,,,,,,
4,,33449,,53.34861755371094,,,,,
,0.001,33499,,,,,,,
4,,33499,,48.96051025390625,,,,,
,0.001,33549,,,,,,,
4,,33549,,54.24964904785156,,,,,
,0.001,33599,,,,,,,
4,,33599,,42.52903366088867,,,,,
,0.001,33649,,,,,,,
4,,33649,,46.17912292480469,,,,,
,0.001,33699,,,,,,,
4,,33699,,49.608951568603516,,,,,
,0.001,33749,,,,,,,
4,,33749,,41.96523666381836,,,,,
,0.001,33799,,,,,,,
4,,33799,,39.970821380615234,,,,,
,0.001,33849,,,,,,,
4,,33849,,55.91495132446289,,,,,
,0.001,33899,,,,,,,
4,,33899,,55.137882232666016,,,,,
,0.001,33949,,,,,,,
4,,33949,,43.07552719116211,,,,,
,0.001,33999,,,,,,,
4,,33999,,42.38134002685547,,,,,
,0.001,34049,,,,,,,
4,,34049,,39.40121078491211,,,,,
,0.001,34099,,,,,,,
4,,34099,,44.11715316772461,,,,,
,0.001,34149,,,,,,,
4,,34149,,45.36486053466797,,,,,
,0.001,34199,,,,,,,
4,,34199,,40.348758697509766,,,,,
,0.001,34249,,,,,,,
4,,34249,,48.76207733154297,,,,,
,0.001,34299,,,,,,,
4,,34299,,50.51713562011719,,,,,
,0.001,34349,,,,,,,
4,,34349,,47.77058410644531,,,,,
,0.001,34399,,,,,,,
4,,34399,,52.3565559387207,,,,,
,0.001,34449,,,,,,,
4,,34449,,55.18062973022461,,,,,
,0.001,34499,,,,,,,
4,,34499,,48.305233001708984,,,,,
,0.001,34549,,,,,,,
4,,34549,,60.323184967041016,,,,,
,0.001,34599,,,,,,,
4,,34599,,40.75472640991211,,,,,
,0.001,34649,,,,,,,
4,,34649,,44.51103210449219,,,,,
,0.001,34699,,,,,,,
4,,34699,,39.12210464477539,,,,,
,0.001,34749,,,,,,,
4,,34749,,50.17770004272461,,,,,
,0.001,34799,,,,,,,
4,,34799,,45.705078125,,,,,
,0.001,34849,,,,,,,
4,,34849,,47.3614387512207,,,,,
,0.001,34899,,,,,,,
4,,34899,,46.937686920166016,,,,,
,0.001,34949,,,,,,,
4,,34949,,54.75820541381836,,,,,
,0.001,34999,,,,,,,
4,,34999,,46.33905792236328,,,,,
,0.001,35049,,,,,,,
4,,35049,,74.4018783569336,,,,,
,0.001,35099,,,,,,,
4,,35099,,53.147178649902344,,,,,
,0.001,35149,,,,,,,
4,,35149,,51.84880447387695,,,,,
,0.001,35199,,,,,,,
4,,35199,,42.65013122558594,,,,,
,0.001,35249,,,,,,,
4,,35249,,47.25940704345703,,,,,
,0.001,35299,,,,,,,
4,,35299,,51.0625,,,,,
,0.001,35349,,,,,,,
4,,35349,,45.57558822631836,,,,,
,0.001,35399,,,,,,,
4,,35399,,44.167293548583984,,,,,
,0.001,35449,,,,,,,
4,,35449,,43.62367630004883,,,,,
,0.001,35499,,,,,,,
4,,35499,,51.204078674316406,,,,,
,0.001,35549,,,,,,,
4,,35549,,44.487892150878906,,,,,
,0.001,35599,,,,,,,
4,,35599,,36.53179931640625,,,,,
,0.001,35649,,,,,,,
4,,35649,,43.24788284301758,,,,,
,0.001,35699,,,,,,,
4,,35699,,37.10406494140625,,,,,
,0.001,35749,,,,,,,
4,,35749,,51.5389518737793,,,,,
,0.001,35799,,,,,,,
4,,35799,,45.26900863647461,,,,,
,0.001,35849,,,,,,,
4,,35849,,42.89116668701172,,,,,
,0.001,35899,,,,,,,
4,,35899,,50.5595588684082,,,,,
,0.001,35949,,,,,,,
4,,35949,,43.19227981567383,,,,,
,0.001,35999,,,,,,,
4,,35999,,48.74109649658203,,,,,
,0.001,36049,,,,,,,
4,,36049,,45.73301315307617,,,,,
,0.001,36099,,,,,,,
4,,36099,,40.688289642333984,,,,,
,0.001,36149,,,,,,,
4,,36149,,55.53621292114258,,,,,
,0.001,36199,,,,,,,
4,,36199,,53.392147064208984,,,,,
,0.001,36249,,,,,,,
4,,36249,,47.703060150146484,,,,,
,0.001,36299,,,,,,,
4,,36299,,45.933101654052734,,,,,
,0.001,36349,,,,,,,
4,,36349,,42.63319778442383,,,,,
,0.001,36399,,,,,,,
4,,36399,,45.20265579223633,,,,,
,0.001,36449,,,,,,,
4,,36449,,49.0778694152832,,,,,
,0.001,36499,,,,,,,
4,,36499,,41.14400100708008,,,,,
,0.001,36549,,,,,,,
4,,36549,,45.31822204589844,,,,,
,0.001,36599,,,,,,,
4,,36599,,45.76469802856445,,,,,
,0.001,36649,,,,,,,
4,,36649,,39.723426818847656,,,,,
,0.001,36699,,,,,,,
4,,36699,,49.50164794921875,,,,,
,0.001,36749,,,,,,,
4,,36749,,43.46881103515625,,,,,
,0.001,36799,,,,,,,
4,,36799,,48.27085876464844,,,,,
,0.001,36849,,,,,,,
4,,36849,,45.80647659301758,,,,,
,0.001,36899,,,,,,,
4,,36899,,40.94297790527344,,,,,
,0.001,36949,,,,,,,
4,,36949,,47.140098571777344,,,,,
,0.001,36999,,,,,,,
4,,36999,,52.61394119262695,,,,,
,0.001,37049,,,,,,,
4,,37049,,65.3797378540039,,,,,
,0.001,37099,,,,,,,
4,,37099,,45.879600524902344,,,,,
,0.001,37149,,,,,,,
4,,37149,,51.829532623291016,,,,,
,0.001,37199,,,,,,,
4,,37199,,42.459800720214844,,,,,
,0.001,37249,,,,,,,
4,,37249,,40.977962493896484,,,,,
,0.001,37299,,,,,,,
4,,37299,,41.36262512207031,,,,,
,0.001,37349,,,,,,,
4,,37349,,39.89078903198242,,,,,
,0.001,37399,,,,,,,
4,,37399,,44.321937561035156,,,,,
,0.001,37449,,,,,,,
4,,37449,,50.44239044189453,,,,,
,0.001,37499,,,,,,,
4,,37499,,43.14864730834961,,,,,
,0.001,37549,,,,,,,
4,,37549,,61.27627182006836,,,,,
,0.001,37599,,,,,,,
4,,37599,,47.047874450683594,,,,,
,0.001,37649,,,,,,,
4,,37649,,42.89714431762695,,,,,
,0.001,37699,,,,,,,
4,,37699,,44.34046936035156,,,,,
,0.001,37749,,,,,,,
4,,37749,,43.658363342285156,,,,,
,0.001,37799,,,,,,,
4,,37799,,46.66566467285156,,,,,
,0.001,37849,,,,,,,
4,,37849,,35.591224670410156,,,,,
,0.001,37899,,,,,,,
4,,37899,,37.097835540771484,,,,,
,0.001,37949,,,,,,,
4,,37949,,40.222068786621094,,,,,
,0.001,37999,,,,,,,
4,,37999,,46.62705993652344,,,,,
,0.001,38049,,,,,,,
4,,38049,,41.1248779296875,,,,,
,0.001,38099,,,,,,,
4,,38099,,42.13143539428711,,,,,
,0.001,38149,,,,,,,
4,,38149,,45.31724166870117,,,,,
,0.001,38199,,,,,,,
4,,38199,,48.591495513916016,,,,,
,0.001,38249,,,,,,,
4,,38249,,40.80272674560547,,,,,
,0.001,38299,,,,,,,
4,,38299,,40.65077209472656,,,,,
,0.001,38349,,,,,,,
4,,38349,,43.1588249206543,,,,,
,0.001,38399,,,,,,,
4,,38399,,62.11444091796875,,,,,
,0.001,38449,,,,,,,
4,,38449,,44.354068756103516,,,,,
,0.001,38499,,,,,,,
4,,38499,,49.58064651489258,,,,,
,0.001,38549,,,,,,,
4,,38549,,42.77195358276367,,,,,
,0.001,38599,,,,,,,
4,,38599,,43.15898513793945,,,,,
,0.001,38649,,,,,,,
4,,38649,,44.58376693725586,,,,,
,0.001,38699,,,,,,,
4,,38699,,46.62181854248047,,,,,
,0.001,38749,,,,,,,
4,,38749,,41.46983337402344,,,,,
,0.001,38799,,,,,,,
4,,38799,,50.52185821533203,,,,,
,0.001,38849,,,,,,,
4,,38849,,46.48945236206055,,,,,
,0.001,38899,,,,,,,
4,,38899,,39.873878479003906,,,,,
,0.001,38949,,,,,,,
4,,38949,,56.39972686767578,,,,,
,0.001,38999,,,,,,,
4,,38999,,43.96061706542969,,,,,
,0.001,39049,,,,,,,
4,,39049,,46.366268157958984,,,,,
,0.001,39099,,,,,,,
4,,39099,,60.44713592529297,,,,,
,0.001,39149,,,,,,,
4,,39149,,49.43374252319336,,,,,
,0.001,39199,,,,,,,
4,,39199,,38.49094009399414,,,,,
,0.001,39249,,,,,,,
4,,39249,,46.99897003173828,,,,,
,0.001,39299,,,,,,,
4,,39299,,45.57393264770508,,,,,
,0.001,39349,,,,,,,
4,,39349,,39.48458480834961,,,,,
,0.001,39399,,,,,,,
4,,39399,,47.07825469970703,,,,,
,0.001,39449,,,,,,,
4,,39449,,46.67947769165039,,,,,
,0.001,39499,,,,,,,
4,,39499,,47.177127838134766,,,,,
,0.001,39549,,,,,,,
4,,39549,,44.17995071411133,,,,,
,0.001,39599,,,,,,,
4,,39599,,45.46936798095703,,,,,
,0.001,39649,,,,,,,
4,,39649,,41.737972259521484,,,,,
,0.001,39699,,,,,,,
4,,39699,,42.82412338256836,,,,,
,0.001,39749,,,,,,,
4,,39749,,40.812129974365234,,,,,
,0.001,39799,,,,,,,
4,,39799,,52.798282623291016,,,,,
,0.001,39849,,,,,,,
4,,39849,,39.574974060058594,,,,,
,0.001,39899,,,,,,,
4,,39899,,42.13640594482422,,,,,
,0.001,39949,,,,,,,
4,,39949,,44.59588623046875,,,,,
,0.001,39999,,,,,,,
4,,39999,,51.99274826049805,,,,,
,0.001,40049,,,,,,,
4,,40049,,51.14008712768555,,,,,
,0.001,40099,,,,,,,
4,,40099,,45.48587417602539,,,,,
,0.001,40149,,,,,,,
4,,40149,,40.044612884521484,,,,,
,0.001,40199,,,,,,,
4,,40199,,47.34321975708008,,,,,
,0.001,40249,,,,,,,
4,,40249,,42.96955490112305,,,,,
,0.001,40299,,,,,,,
4,,40299,,51.05287170410156,,,,,
,0.001,40349,,,,,,,
4,,40349,,43.75626754760742,,,,,
,0.001,40399,,,,,,,
4,,40399,,44.348567962646484,,,,,
,0.001,40449,,,,,,,
4,,40449,,43.43443298339844,,,,,
4,,40479,,,445.2718811035156,0.006564157549291849,475.6649169921875,0.0065206908620893955,93.43058013916016
4,,40479,46.8864860534668,,,,,,
,0.001,40499,,,,,,,
5,,40499,,42.609859466552734,,,,,
,0.001,40549,,,,,,,
5,,40549,,40.7960205078125,,,,,
,0.001,40599,,,,,,,
5,,40599,,45.06156539916992,,,,,
,0.001,40649,,,,,,,
5,,40649,,42.95356369018555,,,,,
,0.001,40699,,,,,,,
5,,40699,,43.86320495605469,,,,,
,0.001,40749,,,,,,,
5,,40749,,42.94017791748047,,,,,
,0.001,40799,,,,,,,
5,,40799,,44.264766693115234,,,,,
,0.001,40849,,,,,,,
5,,40849,,58.10654830932617,,,,,
,0.001,40899,,,,,,,
5,,40899,,54.3187141418457,,,,,
,0.001,40949,,,,,,,
5,,40949,,41.25865936279297,,,,,
,0.001,40999,,,,,,,
5,,40999,,48.627017974853516,,,,,
,0.001,41049,,,,,,,
5,,41049,,39.76601028442383,,,,,
,0.001,41099,,,,,,,
5,,41099,,44.02490997314453,,,,,
,0.001,41149,,,,,,,
5,,41149,,48.4911994934082,,,,,
,0.001,41199,,,,,,,
5,,41199,,51.006404876708984,,,,,
,0.001,41249,,,,,,,
5,,41249,,52.99359893798828,,,,,
,0.001,41299,,,,,,,
5,,41299,,43.94837951660156,,,,,
,0.001,41349,,,,,,,
5,,41349,,47.850894927978516,,,,,
,0.001,41399,,,,,,,
5,,41399,,47.231082916259766,,,,,
,0.001,41449,,,,,,,
5,,41449,,56.56406784057617,,,,,
,0.001,41499,,,,,,,
5,,41499,,50.46568298339844,,,,,
,0.001,41549,,,,,,,
5,,41549,,43.02791976928711,,,,,
,0.001,41599,,,,,,,
5,,41599,,45.010780334472656,,,,,
,0.001,41649,,,,,,,
5,,41649,,46.73632049560547,,,,,
,0.001,41699,,,,,,,
5,,41699,,42.86763381958008,,,,,
,0.001,41749,,,,,,,
5,,41749,,53.301151275634766,,,,,
,0.001,41799,,,,,,,
5,,41799,,55.52763748168945,,,,,
,0.001,41849,,,,,,,
5,,41849,,48.05723190307617,,,,,
,0.001,41899,,,,,,,
5,,41899,,41.70777130126953,,,,,
,0.001,41949,,,,,,,
5,,41949,,38.488075256347656,,,,,
,0.001,41999,,,,,,,
5,,41999,,43.001216888427734,,,,,
,0.001,42049,,,,,,,
5,,42049,,51.7926025390625,,,,,
,0.001,42099,,,,,,,
5,,42099,,43.07233810424805,,,,,
,0.001,42149,,,,,,,
5,,42149,,49.1624641418457,,,,,
,0.001,42199,,,,,,,
5,,42199,,44.43211364746094,,,,,
,0.001,42249,,,,,,,
5,,42249,,42.502017974853516,,,,,
,0.001,42299,,,,,,,
5,,42299,,42.371864318847656,,,,,
,0.001,42349,,,,,,,
5,,42349,,51.04147720336914,,,,,
,0.001,42399,,,,,,,
5,,42399,,47.97261428833008,,,,,
,0.001,42449,,,,,,,
5,,42449,,43.19060134887695,,,,,
,0.001,42499,,,,,,,
5,,42499,,40.40460968017578,,,,,
,0.001,42549,,,,,,,
5,,42549,,45.61490249633789,,,,,
,0.001,42599,,,,,,,
5,,42599,,45.988643646240234,,,,,
,0.001,42649,,,,,,,
5,,42649,,40.228702545166016,,,,,
,0.001,42699,,,,,,,
5,,42699,,41.47910690307617,,,,,
,0.001,42749,,,,,,,
5,,42749,,38.0577392578125,,,,,
,0.001,42799,,,,,,,
5,,42799,,38.43338394165039,,,,,
,0.001,42849,,,,,,,
5,,42849,,47.8961296081543,,,,,
,0.001,42899,,,,,,,
5,,42899,,43.259620666503906,,,,,
,0.001,42949,,,,,,,
5,,42949,,39.50950622558594,,,,,
,0.001,42999,,,,,,,
5,,42999,,51.940513610839844,,,,,
,0.001,43049,,,,,,,
5,,43049,,47.95903778076172,,,,,
,0.001,43099,,,,,,,
5,,43099,,42.31913757324219,,,,,
,0.001,43149,,,,,,,
5,,43149,,42.68925857543945,,,,,
,0.001,43199,,,,,,,
5,,43199,,43.82050704956055,,,,,
,0.001,43249,,,,,,,
5,,43249,,47.64018630981445,,,,,
,0.001,43299,,,,,,,
5,,43299,,62.4497184753418,,,,,
,0.001,43349,,,,,,,
5,,43349,,40.757633209228516,,,,,
,0.001,43399,,,,,,,
5,,43399,,44.36270523071289,,,,,
,0.001,43449,,,,,,,
5,,43449,,44.43335723876953,,,,,
,0.001,43499,,,,,,,
5,,43499,,47.08186721801758,,,,,
,0.001,43549,,,,,,,
5,,43549,,42.94575119018555,,,,,
,0.001,43599,,,,,,,
5,,43599,,48.30018997192383,,,,,
,0.001,43649,,,,,,,
5,,43649,,39.425209045410156,,,,,
,0.001,43699,,,,,,,
5,,43699,,45.6035041809082,,,,,
,0.001,43749,,,,,,,
5,,43749,,42.919654846191406,,,,,
,0.001,43799,,,,,,,
5,,43799,,46.577171325683594,,,,,
,0.001,43849,,,,,,,
5,,43849,,40.19316482543945,,,,,
,0.001,43899,,,,,,,
5,,43899,,42.93791580200195,,,,,
,0.001,43949,,,,,,,
5,,43949,,46.00884246826172,,,,,
,0.001,43999,,,,,,,
5,,43999,,44.766136169433594,,,,,
,0.001,44049,,,,,,,
5,,44049,,42.93838882446289,,,,,
,0.001,44099,,,,,,,
5,,44099,,46.32244110107422,,,,,
,0.001,44149,,,,,,,
5,,44149,,36.52020263671875,,,,,
,0.001,44199,,,,,,,
5,,44199,,43.42201614379883,,,,,
,0.001,44249,,,,,,,
5,,44249,,38.43796920776367,,,,,
,0.001,44299,,,,,,,
5,,44299,,43.69320297241211,,,,,
,0.001,44349,,,,,,,
5,,44349,,41.9344482421875,,,,,
,0.001,44399,,,,,,,
5,,44399,,37.793827056884766,,,,,
,0.001,44449,,,,,,,
5,,44449,,38.68455123901367,,,,,
,0.001,44499,,,,,,,
5,,44499,,44.24058151245117,,,,,
,0.001,44549,,,,,,,
5,,44549,,44.48530197143555,,,,,
,0.001,44599,,,,,,,
5,,44599,,51.89311218261719,,,,,
,0.001,44649,,,,,,,
5,,44649,,38.6778450012207,,,,,
,0.001,44699,,,,,,,
5,,44699,,48.3507080078125,,,,,
,0.001,44749,,,,,,,
5,,44749,,34.63725280761719,,,,,
,0.001,44799,,,,,,,
5,,44799,,37.40743637084961,,,,,
,0.001,44849,,,,,,,
5,,44849,,46.31955337524414,,,,,
,0.001,44899,,,,,,,
5,,44899,,38.41196823120117,,,,,
,0.001,44949,,,,,,,
5,,44949,,50.583946228027344,,,,,
,0.001,44999,,,,,,,
5,,44999,,45.33290481567383,,,,,
,0.001,45049,,,,,,,
5,,45049,,41.03273010253906,,,,,
,0.001,45099,,,,,,,
5,,45099,,43.006893157958984,,,,,
,0.001,45149,,,,,,,
5,,45149,,46.81092071533203,,,,,
,0.001,45199,,,,,,,
5,,45199,,40.80419158935547,,,,,
,0.001,45249,,,,,,,
5,,45249,,49.378604888916016,,,,,
,0.001,45299,,,,,,,
5,,45299,,37.81580352783203,,,,,
,0.001,45349,,,,,,,
5,,45349,,48.6597785949707,,,,,
,0.001,45399,,,,,,,
5,,45399,,43.23744201660156,,,,,
,0.001,45449,,,,,,,
5,,45449,,47.310630798339844,,,,,
,0.001,45499,,,,,,,
5,,45499,,48.892391204833984,,,,,
,0.001,45549,,,,,,,
5,,45549,,37.47784423828125,,,,,
,0.001,45599,,,,,,,
5,,45599,,41.0192985534668,,,,,
,0.001,45649,,,,,,,
5,,45649,,37.104759216308594,,,,,
,0.001,45699,,,,,,,
5,,45699,,42.56117248535156,,,,,
,0.001,45749,,,,,,,
5,,45749,,43.210819244384766,,,,,
,0.001,45799,,,,,,,
5,,45799,,47.357303619384766,,,,,
,0.001,45849,,,,,,,
5,,45849,,43.37899398803711,,,,,
,0.001,45899,,,,,,,
5,,45899,,52.29559326171875,,,,,
,0.001,45949,,,,,,,
5,,45949,,43.773685455322266,,,,,
,0.001,45999,,,,,,,
5,,45999,,44.61543273925781,,,,,
,0.001,46049,,,,,,,
5,,46049,,45.033775329589844,,,,,
,0.001,46099,,,,,,,
5,,46099,,36.41546630859375,,,,,
,0.001,46149,,,,,,,
5,,46149,,40.383506774902344,,,,,
,0.001,46199,,,,,,,
5,,46199,,46.903175354003906,,,,,
,0.001,46249,,,,,,,
5,,46249,,38.9188232421875,,,,,
,0.001,46299,,,,,,,
5,,46299,,44.19133758544922,,,,,
,0.001,46349,,,,,,,
5,,46349,,43.137020111083984,,,,,
,0.001,46399,,,,,,,
5,,46399,,40.51249313354492,,,,,
,0.001,46449,,,,,,,
5,,46449,,37.10853576660156,,,,,
,0.001,46499,,,,,,,
5,,46499,,47.99547576904297,,,,,
,0.001,46549,,,,,,,
5,,46549,,44.01993179321289,,,,,
,0.001,46599,,,,,,,
5,,46599,,39.13003921508789,,,,,
,0.001,46649,,,,,,,
5,,46649,,44.269676208496094,,,,,
,0.001,46699,,,,,,,
5,,46699,,39.34336853027344,,,,,
,0.001,46749,,,,,,,
5,,46749,,45.059871673583984,,,,,
,0.001,46799,,,,,,,
5,,46799,,41.54513931274414,,,,,
,0.001,46849,,,,,,,
5,,46849,,49.46261215209961,,,,,
,0.001,46899,,,,,,,
5,,46899,,41.565345764160156,,,,,
,0.001,46949,,,,,,,
5,,46949,,42.28569793701172,,,,,
,0.001,46999,,,,,,,
5,,46999,,34.08665466308594,,,,,
,0.001,47049,,,,,,,
5,,47049,,35.14236831665039,,,,,
,0.001,47099,,,,,,,
5,,47099,,40.88463592529297,,,,,
,0.001,47149,,,,,,,
5,,47149,,45.65245056152344,,,,,
,0.001,47199,,,,,,,
5,,47199,,37.769771575927734,,,,,
,0.001,47249,,,,,,,
5,,47249,,45.51329040527344,,,,,
,0.001,47299,,,,,,,
5,,47299,,42.97601318359375,,,,,
,0.001,47349,,,,,,,
5,,47349,,43.26071548461914,,,,,
,0.001,47399,,,,,,,
5,,47399,,40.932918548583984,,,,,
,0.001,47449,,,,,,,
5,,47449,,44.38056564331055,,,,,
,0.001,47499,,,,,,,
5,,47499,,45.289939880371094,,,,,
,0.001,47549,,,,,,,
5,,47549,,47.21723175048828,,,,,
,0.001,47599,,,,,,,
5,,47599,,41.17606735229492,,,,,
,0.001,47649,,,,,,,
5,,47649,,52.68089294433594,,,,,
,0.001,47699,,,,,,,
5,,47699,,34.720359802246094,,,,,
,0.001,47749,,,,,,,
5,,47749,,45.28911590576172,,,,,
,0.001,47799,,,,,,,
5,,47799,,42.121395111083984,,,,,
,0.001,47849,,,,,,,
5,,47849,,47.10592269897461,,,,,
,0.001,47899,,,,,,,
5,,47899,,45.84408950805664,,,,,
,0.001,47949,,,,,,,
5,,47949,,43.34598159790039,,,,,
,0.001,47999,,,,,,,
5,,47999,,41.480899810791016,,,,,
,0.001,48049,,,,,,,
5,,48049,,47.926536560058594,,,,,
,0.001,48099,,,,,,,
5,,48099,,41.629981994628906,,,,,
,0.001,48149,,,,,,,
5,,48149,,47.30056381225586,,,,,
,0.001,48199,,,,,,,
5,,48199,,41.952457427978516,,,,,
,0.001,48249,,,,,,,
5,,48249,,45.218162536621094,,,,,
,0.001,48299,,,,,,,
5,,48299,,54.547428131103516,,,,,
,0.001,48349,,,,,,,
5,,48349,,43.5742301940918,,,,,
,0.001,48399,,,,,,,
5,,48399,,47.18721389770508,,,,,
,0.001,48449,,,,,,,
5,,48449,,42.16677474975586,,,,,
,0.001,48499,,,,,,,
5,,48499,,43.23225021362305,,,,,
,0.001,48549,,,,,,,
5,,48549,,38.1604118347168,,,,,
5,,48575,,,456.2701110839844,0.006607819348573685,491.3532409667969,0.006566196214407682,100.90666961669922
5,,48575,44.3115119934082,,,,,,
,0.001,48599,,,,,,,
6,,48599,,48.642086029052734,,,,,
,0.001,48649,,,,,,,
6,,48649,,40.47469711303711,,,,,
,0.001,48699,,,,,,,
6,,48699,,39.32350158691406,,,,,
,0.001,48749,,,,,,,
6,,48749,,48.389137268066406,,,,,
,0.001,48799,,,,,,,
6,,48799,,44.343563079833984,,,,,
,0.001,48849,,,,,,,
6,,48849,,35.124427795410156,,,,,
,0.001,48899,,,,,,,
6,,48899,,43.17470932006836,,,,,
,0.001,48949,,,,,,,
6,,48949,,49.87973403930664,,,,,
,0.001,48999,,,,,,,
6,,48999,,54.04035949707031,,,,,
,0.001,49049,,,,,,,
6,,49049,,45.02838897705078,,,,,
,0.001,49099,,,,,,,
6,,49099,,41.55867385864258,,,,,
,0.001,49149,,,,,,,
6,,49149,,37.026634216308594,,,,,
,0.001,49199,,,,,,,
6,,49199,,41.129066467285156,,,,,
,0.001,49249,,,,,,,
6,,49249,,41.62257385253906,,,,,
,0.001,49299,,,,,,,
6,,49299,,49.11924743652344,,,,,
,0.001,49349,,,,,,,
6,,49349,,43.22294235229492,,,,,
,0.001,49399,,,,,,,
6,,49399,,39.8956298828125,,,,,
,0.001,49449,,,,,,,
6,,49449,,39.0999641418457,,,,,
,0.001,49499,,,,,,,
6,,49499,,48.3458251953125,,,,,
,0.001,49549,,,,,,,
6,,49549,,43.609195709228516,,,,,
,0.001,49599,,,,,,,
6,,49599,,41.90357208251953,,,,,
,0.001,49649,,,,,,,
6,,49649,,39.614261627197266,,,,,
,0.001,49699,,,,,,,
6,,49699,,38.85203552246094,,,,,
,0.001,49749,,,,,,,
6,,49749,,43.98817825317383,,,,,
,0.001,49799,,,,,,,
6,,49799,,52.533103942871094,,,,,
,0.001,49849,,,,,,,
6,,49849,,46.87432861328125,,,,,
,0.001,49899,,,,,,,
6,,49899,,45.48388671875,,,,,
,0.001,49949,,,,,,,
6,,49949,,37.44534683227539,,,,,
,0.001,49999,,,,,,,
6,,49999,,47.62086486816406,,,,,
,0.001,50049,,,,,,,
6,,50049,,48.374412536621094,,,,,
,0.001,50099,,,,,,,
6,,50099,,51.21702194213867,,,,,
,0.001,50149,,,,,,,
6,,50149,,49.80441665649414,,,,,
,0.001,50199,,,,,,,
6,,50199,,61.592506408691406,,,,,
,0.001,50249,,,,,,,
6,,50249,,41.68840789794922,,,,,
,0.001,50299,,,,,,,
6,,50299,,39.670166015625,,,,,
,0.001,50349,,,,,,,
6,,50349,,49.113868713378906,,,,,
,0.001,50399,,,,,,,
6,,50399,,42.21088409423828,,,,,
,0.001,50449,,,,,,,
6,,50449,,48.60062026977539,,,,,
,0.001,50499,,,,,,,
6,,50499,,48.63868713378906,,,,,
,0.001,50549,,,,,,,
6,,50549,,48.957923889160156,,,,,
,0.001,50599,,,,,,,
6,,50599,,46.82525634765625,,,,,
,0.001,50649,,,,,,,
6,,50649,,49.10228729248047,,,,,
,0.001,50699,,,,,,,
6,,50699,,40.19210433959961,,,,,
,0.001,50749,,,,,,,
6,,50749,,41.30586242675781,,,,,
,0.001,50799,,,,,,,
6,,50799,,45.44047927856445,,,,,
,0.001,50849,,,,,,,
6,,50849,,39.45279312133789,,,,,
,0.001,50899,,,,,,,
6,,50899,,40.48586654663086,,,,,
,0.001,50949,,,,,,,
6,,50949,,40.4661979675293,,,,,
,0.001,50999,,,,,,,
6,,50999,,43.97564697265625,,,,,
,0.001,51049,,,,,,,
6,,51049,,34.21533966064453,,,,,
,0.001,51099,,,,,,,
6,,51099,,38.485652923583984,,,,,
,0.001,51149,,,,,,,
6,,51149,,41.957096099853516,,,,,
,0.001,51199,,,,,,,
6,,51199,,50.69546890258789,,,,,
,0.001,51249,,,,,,,
6,,51249,,41.52785873413086,,,,,
,0.001,51299,,,,,,,
6,,51299,,45.414207458496094,,,,,
,0.001,51349,,,,,,,
6,,51349,,36.7679443359375,,,,,
,0.001,51399,,,,,,,
6,,51399,,40.37221908569336,,,,,
,0.001,51449,,,,,,,
6,,51449,,48.12842559814453,,,,,
,0.001,51499,,,,,,,
6,,51499,,61.50239562988281,,,,,
,0.001,51549,,,,,,,
6,,51549,,50.87635803222656,,,,,
,0.001,51599,,,,,,,
6,,51599,,38.96157455444336,,,,,
,0.001,51649,,,,,,,
6,,51649,,47.51923751831055,,,,,
,0.001,51699,,,,,,,
6,,51699,,42.2796516418457,,,,,
,0.001,51749,,,,,,,
6,,51749,,42.99750900268555,,,,,
,0.001,51799,,,,,,,
6,,51799,,40.956607818603516,,,,,
,0.001,51849,,,,,,,
6,,51849,,51.88224411010742,,,,,
,0.001,51899,,,,,,,
6,,51899,,43.69430160522461,,,,,
,0.001,51949,,,,,,,
6,,51949,,40.06256103515625,,,,,
,0.001,51999,,,,,,,
6,,51999,,39.84638214111328,,,,,
,0.001,52049,,,,,,,
6,,52049,,43.17136764526367,,,,,
,0.001,52099,,,,,,,
6,,52099,,48.394752502441406,,,,,
,0.001,52149,,,,,,,
6,,52149,,38.08363342285156,,,,,
,0.001,52199,,,,,,,
6,,52199,,38.70835494995117,,,,,
,0.001,52249,,,,,,,
6,,52249,,42.561378479003906,,,,,
,0.001,52299,,,,,,,
6,,52299,,45.04786682128906,,,,,
,0.001,52349,,,,,,,
6,,52349,,41.54092025756836,,,,,
,0.001,52399,,,,,,,
6,,52399,,37.11016082763672,,,,,
,0.001,52449,,,,,,,
6,,52449,,50.80237579345703,,,,,
,0.001,52499,,,,,,,
6,,52499,,43.6551399230957,,,,,
,0.001,52549,,,,,,,
6,,52549,,44.62834167480469,,,,,
,0.001,52599,,,,,,,
6,,52599,,50.77845764160156,,,,,
,0.001,52649,,,,,,,
6,,52649,,40.44913864135742,,,,,
,0.001,52699,,,,,,,
6,,52699,,47.64549255371094,,,,,
,0.001,52749,,,,,,,
6,,52749,,46.84593200683594,,,,,
,0.001,52799,,,,,,,
6,,52799,,36.8979606628418,,,,,
,0.001,52849,,,,,,,
6,,52849,,38.771541595458984,,,,,
,0.001,52899,,,,,,,
6,,52899,,46.488040924072266,,,,,
,0.001,52949,,,,,,,
6,,52949,,52.01808547973633,,,,,
,0.001,52999,,,,,,,
6,,52999,,42.697166442871094,,,,,
,0.001,53049,,,,,,,
6,,53049,,45.73563003540039,,,,,
,0.001,53099,,,,,,,
6,,53099,,43.80603790283203,,,,,
,0.001,53149,,,,,,,
6,,53149,,41.33878707885742,,,,,
,0.001,53199,,,,,,,
6,,53199,,46.4662971496582,,,,,
,0.001,53249,,,,,,,
6,,53249,,42.67919921875,,,,,
,0.001,53299,,,,,,,
6,,53299,,51.92876052856445,,,,,
,0.001,53349,,,,,,,
6,,53349,,40.92008590698242,,,,,
,0.001,53399,,,,,,,
6,,53399,,40.904014587402344,,,,,
,0.001,53449,,,,,,,
6,,53449,,35.06022644042969,,,,,
,0.001,53499,,,,,,,
6,,53499,,39.78603744506836,,,,,
,0.001,53549,,,,,,,
6,,53549,,39.65224838256836,,,,,
,0.001,53599,,,,,,,
6,,53599,,41.51389694213867,,,,,
,0.001,53649,,,,,,,
6,,53649,,41.54999542236328,,,,,
,0.001,53699,,,,,,,
6,,53699,,37.464786529541016,,,,,
,0.001,53749,,,,,,,
6,,53749,,36.26993942260742,,,,,
,0.001,53799,,,,,,,
6,,53799,,39.10761642456055,,,,,
,0.001,53849,,,,,,,
6,,53849,,37.74180603027344,,,,,
,0.001,53899,,,,,,,
6,,53899,,36.11998748779297,,,,,
,0.001,53949,,,,,,,
6,,53949,,45.70319747924805,,,,,
,0.001,53999,,,,,,,
6,,53999,,48.51028823852539,,,,,
,0.001,54049,,,,,,,
6,,54049,,39.267818450927734,,,,,
,0.001,54099,,,,,,,
6,,54099,,44.22673797607422,,,,,
,0.001,54149,,,,,,,
6,,54149,,40.911136627197266,,,,,
,0.001,54199,,,,,,,
6,,54199,,42.13782501220703,,,,,
,0.001,54249,,,,,,,
6,,54249,,33.31797790527344,,,,,
,0.001,54299,,,,,,,
6,,54299,,45.936824798583984,,,,,
,0.001,54349,,,,,,,
6,,54349,,39.57365798950195,,,,,
,0.001,54399,,,,,,,
6,,54399,,39.26576614379883,,,,,
,0.001,54449,,,,,,,
6,,54449,,46.35523986816406,,,,,
,0.001,54499,,,,,,,
6,,54499,,42.16539764404297,,,,,
,0.001,54549,,,,,,,
6,,54549,,49.62627029418945,,,,,
,0.001,54599,,,,,,,
6,,54599,,45.621315002441406,,,,,
,0.001,54649,,,,,,,
6,,54649,,42.34209060668945,,,,,
,0.001,54699,,,,,,,
6,,54699,,55.47589874267578,,,,,
,0.001,54749,,,,,,,
6,,54749,,36.98894119262695,,,,,
,0.001,54799,,,,,,,
6,,54799,,39.54536056518555,,,,,
,0.001,54849,,,,,,,
6,,54849,,38.129188537597656,,,,,
,0.001,54899,,,,,,,
6,,54899,,40.258548736572266,,,,,
,0.001,54949,,,,,,,
6,,54949,,51.59090805053711,,,,,
,0.001,54999,,,,,,,
6,,54999,,39.7562255859375,,,,,
,0.001,55049,,,,,,,
6,,55049,,41.154052734375,,,,,
,0.001,55099,,,,,,,
6,,55099,,48.81821060180664,,,,,
,0.001,55149,,,,,,,
6,,55149,,42.56078338623047,,,,,
,0.001,55199,,,,,,,
6,,55199,,40.98173141479492,,,,,
,0.001,55249,,,,,,,
6,,55249,,42.80928421020508,,,,,
,0.001,55299,,,,,,,
6,,55299,,38.52695846557617,,,,,
,0.001,55349,,,,,,,
6,,55349,,45.518882751464844,,,,,
,0.001,55399,,,,,,,
6,,55399,,40.83014678955078,,,,,
,0.001,55449,,,,,,,
6,,55449,,40.82202911376953,,,,,
,0.001,55499,,,,,,,
6,,55499,,44.6452751159668,,,,,
,0.001,55549,,,,,,,
6,,55549,,40.27926254272461,,,,,
,0.001,55599,,,,,,,
6,,55599,,42.527706146240234,,,,,
,0.001,55649,,,,,,,
6,,55649,,45.752967834472656,,,,,
,0.001,55699,,,,,,,
6,,55699,,40.91663360595703,,,,,
,0.001,55749,,,,,,,
6,,55749,,43.76081848144531,,,,,
,0.001,55799,,,,,,,
6,,55799,,49.72938919067383,,,,,
,0.001,55849,,,,,,,
6,,55849,,41.55906295776367,,,,,
,0.001,55899,,,,,,,
6,,55899,,45.325538635253906,,,,,
,0.001,55949,,,,,,,
6,,55949,,55.335330963134766,,,,,
,0.001,55999,,,,,,,
6,,55999,,42.27944564819336,,,,,
,0.001,56049,,,,,,,
6,,56049,,67.13359069824219,,,,,
,0.001,56099,,,,,,,
6,,56099,,49.757564544677734,,,,,
,0.001,56149,,,,,,,
6,,56149,,46.1581916809082,,,,,
,0.001,56199,,,,,,,
6,,56199,,82.34215545654297,,,,,
,0.001,56249,,,,,,,
6,,56249,,48.724674224853516,,,,,
,0.001,56299,,,,,,,
6,,56299,,40.08643341064453,,,,,
,0.001,56349,,,,,,,
6,,56349,,37.970191955566406,,,,,
,0.001,56399,,,,,,,
6,,56399,,42.70881271362305,,,,,
,0.001,56449,,,,,,,
6,,56449,,37.91898727416992,,,,,
,0.001,56499,,,,,,,
6,,56499,,48.11482620239258,,,,,
,0.001,56549,,,,,,,
6,,56549,,45.89746856689453,,,,,
,0.001,56599,,,,,,,
6,,56599,,39.795284271240234,,,,,
,0.001,56649,,,,,,,
6,,56649,,41.236019134521484,,,,,
6,,56671,,,638.1262817382812,0.008894238620996475,678.5048217773438,0.00889291800558567,148.63845825195312
6,,56671,43.0890007019043,,,,,,
,0.001,56699,,,,,,,
7,,56699,,47.74842071533203,,,,,
,0.001,56749,,,,,,,
7,,56749,,39.58807373046875,,,,,
,0.001,56799,,,,,,,
7,,56799,,49.39898681640625,,,,,
,0.001,56849,,,,,,,
7,,56849,,42.595558166503906,,,,,
,0.001,56899,,,,,,,
7,,56899,,35.61511993408203,,,,,
,0.001,56949,,,,,,,
7,,56949,,40.72025680541992,,,,,
,0.001,56999,,,,,,,
7,,56999,,39.29914093017578,,,,,
,0.001,57049,,,,,,,
7,,57049,,37.90628433227539,,,,,
,0.001,57099,,,,,,,
7,,57099,,41.71479415893555,,,,,
,0.001,57149,,,,,,,
7,,57149,,45.06211853027344,,,,,
,0.001,57199,,,,,,,
7,,57199,,37.66777801513672,,,,,
,0.001,57249,,,,,,,
7,,57249,,41.66511154174805,,,,,
,0.001,57299,,,,,,,
7,,57299,,53.82649612426758,,,,,
,0.001,57349,,,,,,,
7,,57349,,40.129661560058594,,,,,
,0.001,57399,,,,,,,
7,,57399,,40.86252975463867,,,,,
,0.001,57449,,,,,,,
7,,57449,,43.94668197631836,,,,,
,0.001,57499,,,,,,,
7,,57499,,37.33199691772461,,,,,
,0.001,57549,,,,,,,
7,,57549,,41.85434341430664,,,,,
,0.001,57599,,,,,,,
7,,57599,,44.26106643676758,,,,,
,0.001,57649,,,,,,,
7,,57649,,44.32530212402344,,,,,
,0.001,57699,,,,,,,
7,,57699,,37.3214111328125,,,,,
,0.001,57749,,,,,,,
7,,57749,,38.79570007324219,,,,,
,0.001,57799,,,,,,,
7,,57799,,48.40289306640625,,,,,
,0.001,57849,,,,,,,
7,,57849,,54.1695671081543,,,,,
,0.001,57899,,,,,,,
7,,57899,,49.31568145751953,,,,,
,0.001,57949,,,,,,,
7,,57949,,45.55185317993164,,,,,
,0.001,57999,,,,,,,
7,,57999,,39.877925872802734,,,,,
,0.001,58049,,,,,,,
7,,58049,,39.85431671142578,,,,,
,0.001,58099,,,,,,,
7,,58099,,39.39480209350586,,,,,
,0.001,58149,,,,,,,
7,,58149,,43.77185821533203,,,,,
,0.001,58199,,,,,,,
7,,58199,,39.41412353515625,,,,,
,0.001,58249,,,,,,,
7,,58249,,40.28555679321289,,,,,
,0.001,58299,,,,,,,
7,,58299,,34.58309555053711,,,,,
,0.001,58349,,,,,,,
7,,58349,,32.52339172363281,,,,,
,0.001,58399,,,,,,,
7,,58399,,40.9053840637207,,,,,
,0.001,58449,,,,,,,
7,,58449,,47.557674407958984,,,,,
,0.001,58499,,,,,,,
7,,58499,,35.1844596862793,,,,,
,0.001,58549,,,,,,,
7,,58549,,39.64556884765625,,,,,
,0.001,58599,,,,,,,
7,,58599,,43.067928314208984,,,,,
,0.001,58649,,,,,,,
7,,58649,,43.490989685058594,,,,,
,0.001,58699,,,,,,,
7,,58699,,41.56360626220703,,,,,
,0.001,58749,,,,,,,
7,,58749,,39.81476974487305,,,,,
,0.001,58799,,,,,,,
7,,58799,,43.08216094970703,,,,,
,0.001,58849,,,,,,,
7,,58849,,44.21243667602539,,,,,
,0.001,58899,,,,,,,
7,,58899,,41.520347595214844,,,,,
,0.001,58949,,,,,,,
7,,58949,,41.811729431152344,,,,,
,0.001,58999,,,,,,,
7,,58999,,43.13868713378906,,,,,
,0.001,59049,,,,,,,
7,,59049,,40.87808609008789,,,,,
,0.001,59099,,,,,,,
7,,59099,,41.68307113647461,,,,,
,0.001,59149,,,,,,,
7,,59149,,37.21162796020508,,,,,
,0.001,59199,,,,,,,
7,,59199,,44.306861877441406,,,,,
,0.001,59249,,,,,,,
7,,59249,,37.4747200012207,,,,,
,0.001,59299,,,,,,,
7,,59299,,40.04257583618164,,,,,
,0.001,59349,,,,,,,
7,,59349,,38.1805419921875,,,,,
,0.001,59399,,,,,,,
7,,59399,,46.07473373413086,,,,,
,0.001,59449,,,,,,,
7,,59449,,38.673095703125,,,,,
,0.001,59499,,,,,,,
7,,59499,,40.0567626953125,,,,,
,0.001,59549,,,,,,,
7,,59549,,36.58385467529297,,,,,
,0.001,59599,,,,,,,
7,,59599,,46.4276123046875,,,,,
,0.001,59649,,,,,,,
7,,59649,,39.3213005065918,,,,,
,0.001,59699,,,,,,,
7,,59699,,43.10553741455078,,,,,
,0.001,59749,,,,,,,
7,,59749,,37.89598083496094,,,,,
,0.001,59799,,,,,,,
7,,59799,,43.25385284423828,,,,,
,0.001,59849,,,,,,,
7,,59849,,43.58380889892578,,,,,
,0.001,59899,,,,,,,
7,,59899,,37.09952163696289,,,,,
,0.001,59949,,,,,,,
7,,59949,,45.487003326416016,,,,,
,0.001,59999,,,,,,,
7,,59999,,39.96863555908203,,,,,
,0.001,60049,,,,,,,
7,,60049,,41.10056686401367,,,,,
,0.001,60099,,,,,,,
7,,60099,,46.41496658325195,,,,,
,0.001,60149,,,,,,,
7,,60149,,49.024654388427734,,,,,
,0.001,60199,,,,,,,
7,,60199,,41.11754608154297,,,,,
,0.001,60249,,,,,,,
7,,60249,,39.87480163574219,,,,,
,0.001,60299,,,,,,,
7,,60299,,48.547603607177734,,,,,
,0.001,60349,,,,,,,
7,,60349,,36.35624694824219,,,,,
,0.001,60399,,,,,,,
7,,60399,,38.907997131347656,,,,,
,0.001,60449,,,,,,,
7,,60449,,36.71962356567383,,,,,
,0.001,60499,,,,,,,
7,,60499,,39.03876495361328,,,,,
,0.001,60549,,,,,,,
7,,60549,,40.27354431152344,,,,,
,0.001,60599,,,,,,,
7,,60599,,47.45823669433594,,,,,
,0.001,60649,,,,,,,
7,,60649,,46.23311233520508,,,,,
,0.001,60699,,,,,,,
7,,60699,,36.74509048461914,,,,,
,0.001,60749,,,,,,,
7,,60749,,37.981483459472656,,,,,
,0.001,60799,,,,,,,
7,,60799,,40.88682174682617,,,,,
,0.001,60849,,,,,,,
7,,60849,,43.109004974365234,,,,,
,0.001,60899,,,,,,,
7,,60899,,48.8155517578125,,,,,
,0.001,60949,,,,,,,
7,,60949,,42.360740661621094,,,,,
,0.001,60999,,,,,,,
7,,60999,,35.17372131347656,,,,,
,0.001,61049,,,,,,,
7,,61049,,44.3715934753418,,,,,
,0.001,61099,,,,,,,
7,,61099,,43.735206604003906,,,,,
,0.001,61149,,,,,,,
7,,61149,,38.131431579589844,,,,,
,0.001,61199,,,,,,,
7,,61199,,51.24478530883789,,,,,
,0.001,61249,,,,,,,
7,,61249,,47.32872772216797,,,,,
,0.001,61299,,,,,,,
7,,61299,,40.03949737548828,,,,,
,0.001,61349,,,,,,,
7,,61349,,39.912841796875,,,,,
,0.001,61399,,,,,,,
7,,61399,,50.085289001464844,,,,,
,0.001,61449,,,,,,,
7,,61449,,43.90271759033203,,,,,
,0.001,61499,,,,,,,
7,,61499,,38.22792053222656,,,,,
,0.001,61549,,,,,,,
7,,61549,,39.609928131103516,,,,,
,0.001,61599,,,,,,,
7,,61599,,41.0934944152832,,,,,
,0.001,61649,,,,,,,
7,,61649,,36.086788177490234,,,,,
,0.001,61699,,,,,,,
7,,61699,,47.051090240478516,,,,,
,0.001,61749,,,,,,,
7,,61749,,40.971736907958984,,,,,
,0.001,61799,,,,,,,
7,,61799,,46.546875,,,,,
,0.001,61849,,,,,,,
7,,61849,,38.32403564453125,,,,,
,0.001,61899,,,,,,,
7,,61899,,43.01390075683594,,,,,
,0.001,61949,,,,,,,
7,,61949,,48.73143005371094,,,,,
,0.001,61999,,,,,,,
7,,61999,,37.75467300415039,,,,,
,0.001,62049,,,,,,,
7,,62049,,43.26543045043945,,,,,
,0.001,62099,,,,,,,
7,,62099,,39.44298553466797,,,,,
,0.001,62149,,,,,,,
7,,62149,,36.12772750854492,,,,,
,0.001,62199,,,,,,,
7,,62199,,37.21353530883789,,,,,
,0.001,62249,,,,,,,
7,,62249,,35.60070037841797,,,,,
,0.001,62299,,,,,,,
7,,62299,,35.76634979248047,,,,,
,0.001,62349,,,,,,,
7,,62349,,37.65935134887695,,,,,
,0.001,62399,,,,,,,
7,,62399,,43.82263946533203,,,,,
,0.001,62449,,,,,,,
7,,62449,,44.47540283203125,,,,,
,0.001,62499,,,,,,,
7,,62499,,45.52742385864258,,,,,
,0.001,62549,,,,,,,
7,,62549,,42.8018798828125,,,,,
,0.001,62599,,,,,,,
7,,62599,,39.55225372314453,,,,,
,0.001,62649,,,,,,,
7,,62649,,39.1020393371582,,,,,
,0.001,62699,,,,,,,
7,,62699,,46.75983810424805,,,,,
,0.001,62749,,,,,,,
7,,62749,,36.5830078125,,,,,
,0.001,62799,,,,,,,
7,,62799,,40.89780807495117,,,,,
,0.001,62849,,,,,,,
7,,62849,,38.35611343383789,,,,,
,0.001,62899,,,,,,,
7,,62899,,44.58969497680664,,,,,
,0.001,62949,,,,,,,
7,,62949,,45.9981575012207,,,,,
,0.001,62999,,,,,,,
7,,62999,,39.002986907958984,,,,,
,0.001,63049,,,,,,,
7,,63049,,40.89277648925781,,,,,
,0.001,63099,,,,,,,
7,,63099,,42.53400421142578,,,,,
,0.001,63149,,,,,,,
7,,63149,,36.520042419433594,,,,,
,0.001,63199,,,,,,,
7,,63199,,41.33141326904297,,,,,
,0.001,63249,,,,,,,
7,,63249,,49.03428649902344,,,,,
,0.001,63299,,,,,,,
7,,63299,,37.592166900634766,,,,,
,0.001,63349,,,,,,,
7,,63349,,33.62751388549805,,,,,
,0.001,63399,,,,,,,
7,,63399,,44.481510162353516,,,,,
,0.001,63449,,,,,,,
7,,63449,,41.120140075683594,,,,,
,0.001,63499,,,,,,,
7,,63499,,40.97770309448242,,,,,
,0.001,63549,,,,,,,
7,,63549,,38.37754440307617,,,,,
,0.001,63599,,,,,,,
7,,63599,,40.37480926513672,,,,,
,0.001,63649,,,,,,,
7,,63649,,32.970306396484375,,,,,
,0.001,63699,,,,,,,
7,,63699,,47.725528717041016,,,,,
,0.001,63749,,,,,,,
7,,63749,,36.62088394165039,,,,,
,0.001,63799,,,,,,,
7,,63799,,43.33082580566406,,,,,
,0.001,63849,,,,,,,
7,,63849,,37.15126037597656,,,,,
,0.001,63899,,,,,,,
7,,63899,,42.925804138183594,,,,,
,0.001,63949,,,,,,,
7,,63949,,39.340946197509766,,,,,
,0.001,63999,,,,,,,
7,,63999,,36.112449645996094,,,,,
,0.001,64049,,,,,,,
7,,64049,,40.89654541015625,,,,,
,0.001,64099,,,,,,,
7,,64099,,43.677406311035156,,,,,
,0.001,64149,,,,,,,
7,,64149,,45.82652282714844,,,,,
,0.001,64199,,,,,,,
7,,64199,,39.00154113769531,,,,,
,0.001,64249,,,,,,,
7,,64249,,41.43785095214844,,,,,
,0.001,64299,,,,,,,
7,,64299,,43.875450134277344,,,,,
,0.001,64349,,,,,,,
7,,64349,,47.17169189453125,,,,,
,0.001,64399,,,,,,,
7,,64399,,34.39911651611328,,,,,
,0.001,64449,,,,,,,
7,,64449,,38.684852600097656,,,,,
,0.001,64499,,,,,,,
7,,64499,,43.63221740722656,,,,,
,0.001,64549,,,,,,,
7,,64549,,42.68912124633789,,,,,
,0.001,64599,,,,,,,
7,,64599,,38.7817268371582,,,,,
,0.001,64649,,,,,,,
7,,64649,,49.63931655883789,,,,,
,0.001,64699,,,,,,,
7,,64699,,50.744930267333984,,,,,
,0.001,64749,,,,,,,
7,,64749,,42.97146987915039,,,,,
7,,64767,,,554.7916259765625,0.0082068657502532,589.670166015625,0.008122880943119526,134.70135498046875
7,,64767,41.90340042114258,,,,,,
,0.0005,64799,,,,,,,
8,,64799,,39.24372482299805,,,,,
,0.0005,64849,,,,,,,
8,,64849,,34.74745178222656,,,,,
,0.0005,64899,,,,,,,
8,,64899,,38.17378234863281,,,,,
,0.0005,64949,,,,,,,
8,,64949,,40.12042236328125,,,,,
,0.0005,64999,,,,,,,
8,,64999,,39.07838439941406,,,,,
,0.0005,65049,,,,,,,
8,,65049,,37.98942947387695,,,,,
,0.0005,65099,,,,,,,
8,,65099,,44.46324157714844,,,,,
,0.0005,65149,,,,,,,
8,,65149,,37.285457611083984,,,,,
,0.0005,65199,,,,,,,
8,,65199,,46.26185607910156,,,,,
,0.0005,65249,,,,,,,
8,,65249,,37.31606674194336,,,,,
,0.0005,65299,,,,,,,
8,,65299,,39.4699821472168,,,,,
,0.0005,65349,,,,,,,
8,,65349,,41.76698303222656,,,,,
,0.0005,65399,,,,,,,
8,,65399,,34.488895416259766,,,,,
,0.0005,65449,,,,,,,
8,,65449,,32.12788391113281,,,,,
,0.0005,65499,,,,,,,
8,,65499,,37.22135543823242,,,,,
,0.0005,65549,,,,,,,
8,,65549,,34.29912185668945,,,,,
,0.0005,65599,,,,,,,
8,,65599,,38.40504455566406,,,,,
,0.0005,65649,,,,,,,
8,,65649,,38.95149612426758,,,,,
,0.0005,65699,,,,,,,
8,,65699,,37.77662658691406,,,,,
,0.0005,65749,,,,,,,
8,,65749,,32.631656646728516,,,,,
,0.0005,65799,,,,,,,
8,,65799,,42.818904876708984,,,,,
,0.0005,65849,,,,,,,
8,,65849,,42.036502838134766,,,,,
,0.0005,65899,,,,,,,
8,,65899,,35.958595275878906,,,,,
,0.0005,65949,,,,,,,
8,,65949,,39.588768005371094,,,,,
,0.0005,65999,,,,,,,
8,,65999,,38.65666580200195,,,,,
,0.0005,66049,,,,,,,
8,,66049,,38.409969329833984,,,,,
,0.0005,66099,,,,,,,
8,,66099,,38.80509948730469,,,,,
,0.0005,66149,,,,,,,
8,,66149,,38.1120491027832,,,,,
,0.0005,66199,,,,,,,
8,,66199,,42.99161148071289,,,,,
,0.0005,66249,,,,,,,
8,,66249,,34.82522201538086,,,,,
,0.0005,66299,,,,,,,
8,,66299,,34.21439743041992,,,,,
,0.0005,66349,,,,,,,
8,,66349,,34.656009674072266,,,,,
,0.0005,66399,,,,,,,
8,,66399,,35.300437927246094,,,,,
,0.0005,66449,,,,,,,
8,,66449,,35.74055862426758,,,,,
,0.0005,66499,,,,,,,
8,,66499,,44.7507438659668,,,,,
,0.0005,66549,,,,,,,
8,,66549,,39.761314392089844,,,,,
,0.0005,66599,,,,,,,
8,,66599,,35.310733795166016,,,,,
,0.0005,66649,,,,,,,
8,,66649,,39.08012008666992,,,,,
,0.0005,66699,,,,,,,
8,,66699,,37.35234069824219,,,,,
,0.0005,66749,,,,,,,
8,,66749,,36.291419982910156,,,,,
,0.0005,66799,,,,,,,
8,,66799,,38.158775329589844,,,,,
,0.0005,66849,,,,,,,
8,,66849,,36.44426727294922,,,,,
,0.0005,66899,,,,,,,
8,,66899,,37.46461486816406,,,,,
,0.0005,66949,,,,,,,
8,,66949,,35.46100616455078,,,,,
,0.0005,66999,,,,,,,
8,,66999,,40.2445182800293,,,,,
,0.0005,67049,,,,,,,
8,,67049,,37.42128372192383,,,,,
,0.0005,67099,,,,,,,
8,,67099,,40.830631256103516,,,,,
,0.0005,67149,,,,,,,
8,,67149,,37.97187042236328,,,,,
,0.0005,67199,,,,,,,
8,,67199,,34.668846130371094,,,,,
,0.0005,67249,,,,,,,
8,,67249,,35.27066421508789,,,,,
,0.0005,67299,,,,,,,
8,,67299,,39.61669921875,,,,,
,0.0005,67349,,,,,,,
8,,67349,,40.11371612548828,,,,,
,0.0005,67399,,,,,,,
8,,67399,,41.08300018310547,,,,,
,0.0005,67449,,,,,,,
8,,67449,,33.93876647949219,,,,,
,0.0005,67499,,,,,,,
8,,67499,,42.96128463745117,,,,,
,0.0005,67549,,,,,,,
8,,67549,,35.35719299316406,,,,,
,0.0005,67599,,,,,,,
8,,67599,,32.39292526245117,,,,,
,0.0005,67649,,,,,,,
8,,67649,,43.866310119628906,,,,,
,0.0005,67699,,,,,,,
8,,67699,,31.36055564880371,,,,,
,0.0005,67749,,,,,,,
8,,67749,,41.003395080566406,,,,,
,0.0005,67799,,,,,,,
8,,67799,,53.09587478637695,,,,,
,0.0005,67849,,,,,,,
8,,67849,,31.92680549621582,,,,,
,0.0005,67899,,,,,,,
8,,67899,,41.172061920166016,,,,,
,0.0005,67949,,,,,,,
8,,67949,,32.30363845825195,,,,,
,0.0005,67999,,,,,,,
8,,67999,,41.77830505371094,,,,,
,0.0005,68049,,,,,,,
8,,68049,,43.00657272338867,,,,,
,0.0005,68099,,,,,,,
8,,68099,,38.28215026855469,,,,,
,0.0005,68149,,,,,,,
8,,68149,,33.5088996887207,,,,,
,0.0005,68199,,,,,,,
8,,68199,,35.956417083740234,,,,,
,0.0005,68249,,,,,,,
8,,68249,,38.000980377197266,,,,,
,0.0005,68299,,,,,,,
8,,68299,,35.97720718383789,,,,,
,0.0005,68349,,,,,,,
8,,68349,,35.89563751220703,,,,,
,0.0005,68399,,,,,,,
8,,68399,,38.92176818847656,,,,,
,0.0005,68449,,,,,,,
8,,68449,,31.25011444091797,,,,,
,0.0005,68499,,,,,,,
8,,68499,,31.041738510131836,,,,,
,0.0005,68549,,,,,,,
8,,68549,,31.87644386291504,,,,,
,0.0005,68599,,,,,,,
8,,68599,,38.79386520385742,,,,,
,0.0005,68649,,,,,,,
8,,68649,,43.173179626464844,,,,,
,0.0005,68699,,,,,,,
8,,68699,,38.769813537597656,,,,,
,0.0005,68749,,,,,,,
8,,68749,,31.80754852294922,,,,,
,0.0005,68799,,,,,,,
8,,68799,,39.066551208496094,,,,,
,0.0005,68849,,,,,,,
8,,68849,,37.31393814086914,,,,,
,0.0005,68899,,,,,,,
8,,68899,,38.098899841308594,,,,,
,0.0005,68949,,,,,,,
8,,68949,,35.79805374145508,,,,,
,0.0005,68999,,,,,,,
8,,68999,,36.47058868408203,,,,,
,0.0005,69049,,,,,,,
8,,69049,,48.23388671875,,,,,
,0.0005,69099,,,,,,,
8,,69099,,35.64894104003906,,,,,
,0.0005,69149,,,,,,,
8,,69149,,40.00324630737305,,,,,
,0.0005,69199,,,,,,,
8,,69199,,37.59566879272461,,,,,
,0.0005,69249,,,,,,,
8,,69249,,33.54764938354492,,,,,
,0.0005,69299,,,,,,,
8,,69299,,36.39988708496094,,,,,
,0.0005,69349,,,,,,,
8,,69349,,41.722007751464844,,,,,
,0.0005,69399,,,,,,,
8,,69399,,37.26570129394531,,,,,
,0.0005,69449,,,,,,,
8,,69449,,40.61574935913086,,,,,
,0.0005,69499,,,,,,,
8,,69499,,35.89590835571289,,,,,
,0.0005,69549,,,,,,,
8,,69549,,32.37959289550781,,,,,
,0.0005,69599,,,,,,,
8,,69599,,44.16651153564453,,,,,
,0.0005,69649,,,,,,,
8,,69649,,34.3989143371582,,,,,
,0.0005,69699,,,,,,,
8,,69699,,34.317325592041016,,,,,
,0.0005,69749,,,,,,,
8,,69749,,35.080020904541016,,,,,
,0.0005,69799,,,,,,,
8,,69799,,31.784412384033203,,,,,
,0.0005,69849,,,,,,,
8,,69849,,36.58472442626953,,,,,
,0.0005,69899,,,,,,,
8,,69899,,43.90373229980469,,,,,
,0.0005,69949,,,,,,,
8,,69949,,37.206539154052734,,,,,
,0.0005,69999,,,,,,,
8,,69999,,32.889671325683594,,,,,
,0.0005,70049,,,,,,,
8,,70049,,37.23773956298828,,,,,
,0.0005,70099,,,,,,,
8,,70099,,35.53109359741211,,,,,
,0.0005,70149,,,,,,,
8,,70149,,34.22499465942383,,,,,
,0.0005,70199,,,,,,,
8,,70199,,33.25859451293945,,,,,
,0.0005,70249,,,,,,,
8,,70249,,43.32960510253906,,,,,
,0.0005,70299,,,,,,,
8,,70299,,37.639835357666016,,,,,
,0.0005,70349,,,,,,,
8,,70349,,32.940284729003906,,,,,
,0.0005,70399,,,,,,,
8,,70399,,36.51469039916992,,,,,
,0.0005,70449,,,,,,,
8,,70449,,35.07283401489258,,,,,
,0.0005,70499,,,,,,,
8,,70499,,40.98576736450195,,,,,
,0.0005,70549,,,,,,,
8,,70549,,34.20882797241211,,,,,
,0.0005,70599,,,,,,,
8,,70599,,36.77155303955078,,,,,
,0.0005,70649,,,,,,,
8,,70649,,38.47947311401367,,,,,
,0.0005,70699,,,,,,,
8,,70699,,41.052833557128906,,,,,
,0.0005,70749,,,,,,,
8,,70749,,30.88713836669922,,,,,
,0.0005,70799,,,,,,,
8,,70799,,40.22576141357422,,,,,
,0.0005,70849,,,,,,,
8,,70849,,38.44917297363281,,,,,
,0.0005,70899,,,,,,,
8,,70899,,35.09538650512695,,,,,
,0.0005,70949,,,,,,,
8,,70949,,41.919742584228516,,,,,
,0.0005,70999,,,,,,,
8,,70999,,38.561241149902344,,,,,
,0.0005,71049,,,,,,,
8,,71049,,37.26493453979492,,,,,
,0.0005,71099,,,,,,,
8,,71099,,33.628501892089844,,,,,
,0.0005,71149,,,,,,,
8,,71149,,32.852073669433594,,,,,
,0.0005,71199,,,,,,,
8,,71199,,36.87419509887695,,,,,
,0.0005,71249,,,,,,,
8,,71249,,35.416561126708984,,,,,
,0.0005,71299,,,,,,,
8,,71299,,31.507734298706055,,,,,
,0.0005,71349,,,,,,,
8,,71349,,39.49541473388672,,,,,
,0.0005,71399,,,,,,,
8,,71399,,31.97623634338379,,,,,
,0.0005,71449,,,,,,,
8,,71449,,39.16237258911133,,,,,
,0.0005,71499,,,,,,,
8,,71499,,32.99211502075195,,,,,
,0.0005,71549,,,,,,,
8,,71549,,36.65772247314453,,,,,
,0.0005,71599,,,,,,,
8,,71599,,33.69139862060547,,,,,
,0.0005,71649,,,,,,,
8,,71649,,36.731590270996094,,,,,
,0.0005,71699,,,,,,,
8,,71699,,34.835205078125,,,,,
,0.0005,71749,,,,,,,
8,,71749,,39.739681243896484,,,,,
,0.0005,71799,,,,,,,
8,,71799,,38.40821075439453,,,,,
,0.0005,71849,,,,,,,
8,,71849,,41.924617767333984,,,,,
,0.0005,71899,,,,,,,
8,,71899,,34.91356658935547,,,,,
,0.0005,71949,,,,,,,
8,,71949,,28.584653854370117,,,,,
,0.0005,71999,,,,,,,
8,,71999,,34.11117935180664,,,,,
,0.0005,72049,,,,,,,
8,,72049,,35.321632385253906,,,,,
,0.0005,72099,,,,,,,
8,,72099,,38.57633972167969,,,,,
,0.0005,72149,,,,,,,
8,,72149,,37.96028137207031,,,,,
,0.0005,72199,,,,,,,
8,,72199,,39.11594009399414,,,,,
,0.0005,72249,,,,,,,
8,,72249,,30.98383331298828,,,,,
,0.0005,72299,,,,,,,
8,,72299,,32.97069549560547,,,,,
,0.0005,72349,,,,,,,
8,,72349,,33.12510681152344,,,,,
,0.0005,72399,,,,,,,
8,,72399,,43.0440673828125,,,,,
,0.0005,72449,,,,,,,
8,,72449,,38.97703552246094,,,,,
,0.0005,72499,,,,,,,
8,,72499,,35.06291580200195,,,,,
,0.0005,72549,,,,,,,
8,,72549,,30.46691131591797,,,,,
,0.0005,72599,,,,,,,
8,,72599,,33.20096206665039,,,,,
,0.0005,72649,,,,,,,
8,,72649,,44.531700134277344,,,,,
,0.0005,72699,,,,,,,
8,,72699,,32.52256393432617,,,,,
,0.0005,72749,,,,,,,
8,,72749,,39.616390228271484,,,,,
,0.0005,72799,,,,,,,
8,,72799,,35.86132049560547,,,,,
,0.0005,72849,,,,,,,
8,,72849,,33.806602478027344,,,,,
8,,72863,,,538.05078125,0.0079353591427207,573.7785034179688,0.007859589532017708,129.96420288085938
8,,72863,37.06886291503906,,,,,,
,0.0005,72899,,,,,,,
9,,72899,,40.219993591308594,,,,,
,0.0005,72949,,,,,,,
9,,72949,,36.4052848815918,,,,,
,0.0005,72999,,,,,,,
9,,72999,,48.54472732543945,,,,,
,0.0005,73049,,,,,,,
9,,73049,,33.85291290283203,,,,,
,0.0005,73099,,,,,,,
9,,73099,,36.240089416503906,,,,,
,0.0005,73149,,,,,,,
9,,73149,,37.308143615722656,,,,,
,0.0005,73199,,,,,,,
9,,73199,,30.572731018066406,,,,,
,0.0005,73249,,,,,,,
9,,73249,,33.96013259887695,,,,,
,0.0005,73299,,,,,,,
9,,73299,,33.25310516357422,,,,,
,0.0005,73349,,,,,,,
9,,73349,,34.399898529052734,,,,,
,0.0005,73399,,,,,,,
9,,73399,,38.22197341918945,,,,,
,0.0005,73449,,,,,,,
9,,73449,,32.902610778808594,,,,,
,0.0005,73499,,,,,,,
9,,73499,,43.348876953125,,,,,
,0.0005,73549,,,,,,,
9,,73549,,34.50895690917969,,,,,
,0.0005,73599,,,,,,,
9,,73599,,31.318937301635742,,,,,
,0.0005,73649,,,,,,,
9,,73649,,39.51035690307617,,,,,
,0.0005,73699,,,,,,,
9,,73699,,38.940773010253906,,,,,
,0.0005,73749,,,,,,,
9,,73749,,33.84703063964844,,,,,
,0.0005,73799,,,,,,,
9,,73799,,33.50223922729492,,,,,
,0.0005,73849,,,,,,,
9,,73849,,37.024471282958984,,,,,
,0.0005,73899,,,,,,,
9,,73899,,33.23734664916992,,,,,
,0.0005,73949,,,,,,,
9,,73949,,32.69664001464844,,,,,
,0.0005,73999,,,,,,,
9,,73999,,35.890071868896484,,,,,
,0.0005,74049,,,,,,,
9,,74049,,40.12018966674805,,,,,
,0.0005,74099,,,,,,,
9,,74099,,35.43239974975586,,,,,
,0.0005,74149,,,,,,,
9,,74149,,35.83747863769531,,,,,
,0.0005,74199,,,,,,,
9,,74199,,38.510459899902344,,,,,
,0.0005,74249,,,,,,,
9,,74249,,35.06010055541992,,,,,
,0.0005,74299,,,,,,,
9,,74299,,34.90836715698242,,,,,
,0.0005,74349,,,,,,,
9,,74349,,32.13216018676758,,,,,
,0.0005,74399,,,,,,,
9,,74399,,42.33418655395508,,,,,
,0.0005,74449,,,,,,,
9,,74449,,35.543941497802734,,,,,
,0.0005,74499,,,,,,,
9,,74499,,39.3171501159668,,,,,
,0.0005,74549,,,,,,,
9,,74549,,35.931949615478516,,,,,
,0.0005,74599,,,,,,,
9,,74599,,33.198402404785156,,,,,
,0.0005,74649,,,,,,,
9,,74649,,32.49248504638672,,,,,
,0.0005,74699,,,,,,,
9,,74699,,46.85103988647461,,,,,
,0.0005,74749,,,,,,,
9,,74749,,30.6270751953125,,,,,
,0.0005,74799,,,,,,,
9,,74799,,33.88379669189453,,,,,
,0.0005,74849,,,,,,,
9,,74849,,35.25123596191406,,,,,
,0.0005,74899,,,,,,,
9,,74899,,34.50444412231445,,,,,
,0.0005,74949,,,,,,,
9,,74949,,36.04806900024414,,,,,
,0.0005,74999,,,,,,,
9,,74999,,42.83408737182617,,,,,
,0.0005,75049,,,,,,,
9,,75049,,34.33299255371094,,,,,
,0.0005,75099,,,,,,,
9,,75099,,42.2190055847168,,,,,
,0.0005,75149,,,,,,,
9,,75149,,44.61674880981445,,,,,
,0.0005,75199,,,,,,,
9,,75199,,36.77128982543945,,,,,
,0.0005,75249,,,,,,,
9,,75249,,37.66796112060547,,,,,
,0.0005,75299,,,,,,,
9,,75299,,45.17742919921875,,,,,
,0.0005,75349,,,,,,,
9,,75349,,31.813549041748047,,,,,
,0.0005,75399,,,,,,,
9,,75399,,36.3838996887207,,,,,
,0.0005,75449,,,,,,,
9,,75449,,31.249116897583008,,,,,
,0.0005,75499,,,,,,,
9,,75499,,40.03512191772461,,,,,
,0.0005,75549,,,,,,,
9,,75549,,37.929908752441406,,,,,
,0.0005,75599,,,,,,,
9,,75599,,36.923179626464844,,,,,
,0.0005,75649,,,,,,,
9,,75649,,32.79375457763672,,,,,
,0.0005,75699,,,,,,,
9,,75699,,34.153018951416016,,,,,
,0.0005,75749,,,,,,,
9,,75749,,36.61450958251953,,,,,
,0.0005,75799,,,,,,,
9,,75799,,36.77526092529297,,,,,
,0.0005,75849,,,,,,,
9,,75849,,42.90391540527344,,,,,
,0.0005,75899,,,,,,,
9,,75899,,39.303001403808594,,,,,
,0.0005,75949,,,,,,,
9,,75949,,48.71943664550781,,,,,
,0.0005,75999,,,,,,,
9,,75999,,40.27767562866211,,,,,
,0.0005,76049,,,,,,,
9,,76049,,34.763973236083984,,,,,
,0.0005,76099,,,,,,,
9,,76099,,34.768165588378906,,,,,
,0.0005,76149,,,,,,,
9,,76149,,35.634521484375,,,,,
,0.0005,76199,,,,,,,
9,,76199,,28.398347854614258,,,,,
,0.0005,76249,,,,,,,
9,,76249,,39.20563507080078,,,,,
,0.0005,76299,,,,,,,
9,,76299,,40.32890319824219,,,,,
,0.0005,76349,,,,,,,
9,,76349,,39.33972930908203,,,,,
,0.0005,76399,,,,,,,
9,,76399,,32.79694366455078,,,,,
,0.0005,76449,,,,,,,
9,,76449,,39.62928009033203,,,,,
,0.0005,76499,,,,,,,
9,,76499,,31.82379913330078,,,,,
,0.0005,76549,,,,,,,
9,,76549,,32.3537712097168,,,,,
,0.0005,76599,,,,,,,
9,,76599,,37.39425277709961,,,,,
,0.0005,76649,,,,,,,
9,,76649,,33.67497253417969,,,,,
,0.0005,76699,,,,,,,
9,,76699,,31.87640380859375,,,,,
,0.0005,76749,,,,,,,
9,,76749,,39.672935485839844,,,,,
,0.0005,76799,,,,,,,
9,,76799,,34.90777587890625,,,,,
,0.0005,76849,,,,,,,
9,,76849,,37.374019622802734,,,,,
,0.0005,76899,,,,,,,
9,,76899,,30.77740478515625,,,,,
,0.0005,76949,,,,,,,
9,,76949,,32.784996032714844,,,,,
,0.0005,76999,,,,,,,
9,,76999,,36.53752136230469,,,,,
,0.0005,77049,,,,,,,
9,,77049,,36.145469665527344,,,,,
,0.0005,77099,,,,,,,
9,,77099,,39.67851638793945,,,,,
,0.0005,77149,,,,,,,
9,,77149,,35.528072357177734,,,,,
,0.0005,77199,,,,,,,
9,,77199,,36.19322204589844,,,,,
,0.0005,77249,,,,,,,
9,,77249,,35.8983268737793,,,,,
,0.0005,77299,,,,,,,
9,,77299,,31.854591369628906,,,,,
,0.0005,77349,,,,,,,
9,,77349,,38.00347900390625,,,,,
,0.0005,77399,,,,,,,
9,,77399,,40.78856658935547,,,,,
,0.0005,77449,,,,,,,
9,,77449,,36.34299087524414,,,,,
,0.0005,77499,,,,,,,
9,,77499,,37.479652404785156,,,,,
,0.0005,77549,,,,,,,
9,,77549,,32.510498046875,,,,,
,0.0005,77599,,,,,,,
9,,77599,,32.532310485839844,,,,,
,0.0005,77649,,,,,,,
9,,77649,,33.936283111572266,,,,,
,0.0005,77699,,,,,,,
9,,77699,,31.424175262451172,,,,,
,0.0005,77749,,,,,,,
9,,77749,,39.13934326171875,,,,,
,0.0005,77799,,,,,,,
9,,77799,,46.52799987792969,,,,,
,0.0005,77849,,,,,,,
9,,77849,,36.76304626464844,,,,,
,0.0005,77899,,,,,,,
9,,77899,,45.64784240722656,,,,,
,0.0005,77949,,,,,,,
9,,77949,,34.186973571777344,,,,,
,0.0005,77999,,,,,,,
9,,77999,,34.26991653442383,,,,,
,0.0005,78049,,,,,,,
9,,78049,,32.81163787841797,,,,,
,0.0005,78099,,,,,,,
9,,78099,,37.25949478149414,,,,,
,0.0005,78149,,,,,,,
9,,78149,,33.199703216552734,,,,,
,0.0005,78199,,,,,,,
9,,78199,,35.322303771972656,,,,,
,0.0005,78249,,,,,,,
9,,78249,,34.114288330078125,,,,,
,0.0005,78299,,,,,,,
9,,78299,,42.18813705444336,,,,,
,0.0005,78349,,,,,,,
9,,78349,,29.39840316772461,,,,,
,0.0005,78399,,,,,,,
9,,78399,,33.237266540527344,,,,,
,0.0005,78449,,,,,,,
9,,78449,,29.63726043701172,,,,,
,0.0005,78499,,,,,,,
9,,78499,,32.020259857177734,,,,,
,0.0005,78549,,,,,,,
9,,78549,,36.493858337402344,,,,,
,0.0005,78599,,,,,,,
9,,78599,,34.89801788330078,,,,,
,0.0005,78649,,,,,,,
9,,78649,,36.589393615722656,,,,,
,0.0005,78699,,,,,,,
9,,78699,,37.12876510620117,,,,,
,0.0005,78749,,,,,,,
9,,78749,,33.05713653564453,,,,,
,0.0005,78799,,,,,,,
9,,78799,,36.771663665771484,,,,,
,0.0005,78849,,,,,,,
9,,78849,,37.14358901977539,,,,,
,0.0005,78899,,,,,,,
9,,78899,,29.448307037353516,,,,,
,0.0005,78949,,,,,,,
9,,78949,,45.317787170410156,,,,,
,0.0005,78999,,,,,,,
9,,78999,,34.22916030883789,,,,,
,0.0005,79049,,,,,,,
9,,79049,,35.06393814086914,,,,,
,0.0005,79099,,,,,,,
9,,79099,,38.77262496948242,,,,,
,0.0005,79149,,,,,,,
9,,79149,,32.48012924194336,,,,,
,0.0005,79199,,,,,,,
9,,79199,,32.056846618652344,,,,,
,0.0005,79249,,,,,,,
9,,79249,,32.34602737426758,,,,,
,0.0005,79299,,,,,,,
9,,79299,,33.4642448425293,,,,,
,0.0005,79349,,,,,,,
9,,79349,,30.964649200439453,,,,,
,0.0005,79399,,,,,,,
9,,79399,,30.891202926635742,,,,,
,0.0005,79449,,,,,,,
9,,79449,,39.70520782470703,,,,,
,0.0005,79499,,,,,,,
9,,79499,,37.43666458129883,,,,,
,0.0005,79549,,,,,,,
9,,79549,,35.387454986572266,,,,,
,0.0005,79599,,,,,,,
9,,79599,,34.53855514526367,,,,,
,0.0005,79649,,,,,,,
9,,79649,,43.6698112487793,,,,,
,0.0005,79699,,,,,,,
9,,79699,,32.9902458190918,,,,,
,0.0005,79749,,,,,,,
9,,79749,,34.77112579345703,,,,,
,0.0005,79799,,,,,,,
9,,79799,,42.53290939331055,,,,,
,0.0005,79849,,,,,,,
9,,79849,,30.016929626464844,,,,,
,0.0005,79899,,,,,,,
9,,79899,,31.649023056030273,,,,,
,0.0005,79949,,,,,,,
9,,79949,,39.46348571777344,,,,,
,0.0005,79999,,,,,,,
9,,79999,,43.63004684448242,,,,,
,0.0005,80049,,,,,,,
9,,80049,,32.32417297363281,,,,,
,0.0005,80099,,,,,,,
9,,80099,,40.13055419921875,,,,,
,0.0005,80149,,,,,,,
9,,80149,,33.5473747253418,,,,,
,0.0005,80199,,,,,,,
9,,80199,,37.25975036621094,,,,,
,0.0005,80249,,,,,,,
9,,80249,,33.26561737060547,,,,,
,0.0005,80299,,,,,,,
9,,80299,,34.18915939331055,,,,,
,0.0005,80349,,,,,,,
9,,80349,,35.36758804321289,,,,,
,0.0005,80399,,,,,,,
9,,80399,,33.43827438354492,,,,,
,0.0005,80449,,,,,,,
9,,80449,,30.9150447845459,,,,,
,0.0005,80499,,,,,,,
9,,80499,,42.66251754760742,,,,,
,0.0005,80549,,,,,,,
9,,80549,,31.99888038635254,,,,,
,0.0005,80599,,,,,,,
9,,80599,,34.52934646606445,,,,,
,0.0005,80649,,,,,,,
9,,80649,,35.96489334106445,,,,,
,0.0005,80699,,,,,,,
9,,80699,,38.2060432434082,,,,,
,0.0005,80749,,,,,,,
9,,80749,,29.772287368774414,,,,,
,0.0005,80799,,,,,,,
9,,80799,,32.23212814331055,,,,,
,0.0005,80849,,,,,,,
9,,80849,,35.914039611816406,,,,,
,0.0005,80899,,,,,,,
9,,80899,,43.436439514160156,,,,,
,0.0005,80949,,,,,,,
9,,80949,,30.950103759765625,,,,,
9,,80959,,,640.2289428710938,0.009414705447852612,673.972412109375,0.009320763871073723,160.57415771484375
9,,80959,35.72657012939453,,,,,,
,0.0005,80999,,,,,,,
10,,80999,,32.4970588684082,,,,,
,0.0005,81049,,,,,,,
10,,81049,,34.51926040649414,,,,,
,0.0005,81099,,,,,,,
10,,81099,,33.52445983886719,,,,,
,0.0005,81149,,,,,,,
10,,81149,,38.112064361572266,,,,,
,0.0005,81199,,,,,,,
10,,81199,,35.46144485473633,,,,,
,0.0005,81249,,,,,,,
10,,81249,,35.1856803894043,,,,,
,0.0005,81299,,,,,,,
10,,81299,,37.68535614013672,,,,,
,0.0005,81349,,,,,,,
10,,81349,,33.83150863647461,,,,,
,0.0005,81399,,,,,,,
10,,81399,,41.339149475097656,,,,,
,0.0005,81449,,,,,,,
10,,81449,,31.729063034057617,,,,,
,0.0005,81499,,,,,,,
10,,81499,,33.1704216003418,,,,,
,0.0005,81549,,,,,,,
10,,81549,,33.00151062011719,,,,,
,0.0005,81599,,,,,,,
10,,81599,,30.635292053222656,,,,,
,0.0005,81649,,,,,,,
10,,81649,,35.40310287475586,,,,,
,0.0005,81699,,,,,,,
10,,81699,,30.417972564697266,,,,,
,0.0005,81749,,,,,,,
10,,81749,,31.12945556640625,,,,,
,0.0005,81799,,,,,,,
10,,81799,,31.036502838134766,,,,,
,0.0005,81849,,,,,,,
10,,81849,,36.20248794555664,,,,,
,0.0005,81899,,,,,,,
10,,81899,,39.3436279296875,,,,,
,0.0005,81949,,,,,,,
10,,81949,,37.93610763549805,,,,,
,0.0005,81999,,,,,,,
10,,81999,,27.09871482849121,,,,,
,0.0005,82049,,,,,,,
10,,82049,,32.31249237060547,,,,,
,0.0005,82099,,,,,,,
10,,82099,,36.29465866088867,,,,,
,0.0005,82149,,,,,,,
10,,82149,,30.555578231811523,,,,,
,0.0005,82199,,,,,,,
10,,82199,,35.66231918334961,,,,,
,0.0005,82249,,,,,,,
10,,82249,,37.80803680419922,,,,,
,0.0005,82299,,,,,,,
10,,82299,,35.572654724121094,,,,,
,0.0005,82349,,,,,,,
10,,82349,,31.806730270385742,,,,,
,0.0005,82399,,,,,,,
10,,82399,,29.365577697753906,,,,,
,0.0005,82449,,,,,,,
10,,82449,,31.779340744018555,,,,,
,0.0005,82499,,,,,,,
10,,82499,,32.4517707824707,,,,,
,0.0005,82549,,,,,,,
10,,82549,,34.091739654541016,,,,,
,0.0005,82599,,,,,,,
10,,82599,,30.6392879486084,,,,,
,0.0005,82649,,,,,,,
10,,82649,,35.06449508666992,,,,,
,0.0005,82699,,,,,,,
10,,82699,,32.40808868408203,,,,,
,0.0005,82749,,,,,,,
10,,82749,,35.211387634277344,,,,,
,0.0005,82799,,,,,,,
10,,82799,,29.708091735839844,,,,,
,0.0005,82849,,,,,,,
10,,82849,,33.91144561767578,,,,,
,0.0005,82899,,,,,,,
10,,82899,,34.12968444824219,,,,,
,0.0005,82949,,,,,,,
10,,82949,,32.138179779052734,,,,,
,0.0005,82999,,,,,,,
10,,82999,,34.367366790771484,,,,,
,0.0005,83049,,,,,,,
10,,83049,,32.10227584838867,,,,,
,0.0005,83099,,,,,,,
10,,83099,,36.75613021850586,,,,,
,0.0005,83149,,,,,,,
10,,83149,,31.298545837402344,,,,,
,0.0005,83199,,,,,,,
10,,83199,,32.04167556762695,,,,,
,0.0005,83249,,,,,,,
10,,83249,,35.77790451049805,,,,,
,0.0005,83299,,,,,,,
10,,83299,,34.269779205322266,,,,,
,0.0005,83349,,,,,,,
10,,83349,,40.74576950073242,,,,,
,0.0005,83399,,,,,,,
10,,83399,,32.105613708496094,,,,,
,0.0005,83449,,,,,,,
10,,83449,,35.654884338378906,,,,,
,0.0005,83499,,,,,,,
10,,83499,,45.0798225402832,,,,,
,0.0005,83549,,,,,,,
10,,83549,,37.532081604003906,,,,,
,0.0005,83599,,,,,,,
10,,83599,,32.84659194946289,,,,,
,0.0005,83649,,,,,,,
10,,83649,,32.752052307128906,,,,,
,0.0005,83699,,,,,,,
10,,83699,,33.725196838378906,,,,,
,0.0005,83749,,,,,,,
10,,83749,,35.63034439086914,,,,,
,0.0005,83799,,,,,,,
10,,83799,,37.46794509887695,,,,,
,0.0005,83849,,,,,,,
10,,83849,,35.76103591918945,,,,,
,0.0005,83899,,,,,,,
10,,83899,,39.62556457519531,,,,,
,0.0005,83949,,,,,,,
10,,83949,,38.89412307739258,,,,,
,0.0005,83999,,,,,,,
10,,83999,,36.13761901855469,,,,,
,0.0005,84049,,,,,,,
10,,84049,,34.213436126708984,,,,,
,0.0005,84099,,,,,,,
10,,84099,,37.01497268676758,,,,,
,0.0005,84149,,,,,,,
10,,84149,,33.31449890136719,,,,,
,0.0005,84199,,,,,,,
10,,84199,,34.297950744628906,,,,,
,0.0005,84249,,,,,,,
10,,84249,,32.95246124267578,,,,,
,0.0005,84299,,,,,,,
10,,84299,,33.1840934753418,,,,,
,0.0005,84349,,,,,,,
10,,84349,,30.138845443725586,,,,,
,0.0005,84399,,,,,,,
10,,84399,,29.472055435180664,,,,,
,0.0005,84449,,,,,,,
10,,84449,,33.28110885620117,,,,,
,0.0005,84499,,,,,,,
10,,84499,,37.4410514831543,,,,,
,0.0005,84549,,,,,,,
10,,84549,,38.607627868652344,,,,,
,0.0005,84599,,,,,,,
10,,84599,,38.60190963745117,,,,,
,0.0005,84649,,,,,,,
10,,84649,,33.32893753051758,,,,,
,0.0005,84699,,,,,,,
10,,84699,,34.82368469238281,,,,,
,0.0005,84749,,,,,,,
10,,84749,,37.85248947143555,,,,,
,0.0005,84799,,,,,,,
10,,84799,,43.7674560546875,,,,,
,0.0005,84849,,,,,,,
10,,84849,,49.532691955566406,,,,,
,0.0005,84899,,,,,,,
10,,84899,,34.5549430847168,,,,,
,0.0005,84949,,,,,,,
10,,84949,,33.01102066040039,,,,,
,0.0005,84999,,,,,,,
10,,84999,,31.991825103759766,,,,,
,0.0005,85049,,,,,,,
10,,85049,,33.90312576293945,,,,,
,0.0005,85099,,,,,,,
10,,85099,,33.716896057128906,,,,,
,0.0005,85149,,,,,,,
10,,85149,,40.73847198486328,,,,,
,0.0005,85199,,,,,,,
10,,85199,,32.15999221801758,,,,,
,0.0005,85249,,,,,,,
10,,85249,,37.52632141113281,,,,,
,0.0005,85299,,,,,,,
10,,85299,,31.657617568969727,,,,,
,0.0005,85349,,,,,,,
10,,85349,,37.48542404174805,,,,,
,0.0005,85399,,,,,,,
10,,85399,,32.84749221801758,,,,,
,0.0005,85449,,,,,,,
10,,85449,,34.111122131347656,,,,,
,0.0005,85499,,,,,,,
10,,85499,,33.718360900878906,,,,,
,0.0005,85549,,,,,,,
10,,85549,,33.28371810913086,,,,,
,0.0005,85599,,,,,,,
10,,85599,,32.8630485534668,,,,,
,0.0005,85649,,,,,,,
10,,85649,,31.950977325439453,,,,,
,0.0005,85699,,,,,,,
10,,85699,,37.06596755981445,,,,,
,0.0005,85749,,,,,,,
10,,85749,,38.061458587646484,,,,,
,0.0005,85799,,,,,,,
10,,85799,,36.92269515991211,,,,,
,0.0005,85849,,,,,,,
10,,85849,,33.80720901489258,,,,,
,0.0005,85899,,,,,,,
10,,85899,,34.26980972290039,,,,,
,0.0005,85949,,,,,,,
10,,85949,,34.3336296081543,,,,,
,0.0005,85999,,,,,,,
10,,85999,,33.96781539916992,,,,,
,0.0005,86049,,,,,,,
10,,86049,,28.80522918701172,,,,,
,0.0005,86099,,,,,,,
10,,86099,,32.84770965576172,,,,,
,0.0005,86149,,,,,,,
10,,86149,,32.38557815551758,,,,,
,0.0005,86199,,,,,,,
10,,86199,,31.687158584594727,,,,,
,0.0005,86249,,,,,,,
10,,86249,,32.84817123413086,,,,,
,0.0005,86299,,,,,,,
10,,86299,,36.28409957885742,,,,,
,0.0005,86349,,,,,,,
10,,86349,,32.99729537963867,,,,,
,0.0005,86399,,,,,,,
10,,86399,,37.30370330810547,,,,,
,0.0005,86449,,,,,,,
10,,86449,,42.21653366088867,,,,,
,0.0005,86499,,,,,,,
10,,86499,,31.47108268737793,,,,,
,0.0005,86549,,,,,,,
10,,86549,,37.68260955810547,,,,,
,0.0005,86599,,,,,,,
10,,86599,,36.47955322265625,,,,,
,0.0005,86649,,,,,,,
10,,86649,,42.82477569580078,,,,,
,0.0005,86699,,,,,,,
10,,86699,,32.967105865478516,,,,,
,0.0005,86749,,,,,,,
10,,86749,,29.937227249145508,,,,,
,0.0005,86799,,,,,,,
10,,86799,,34.55945587158203,,,,,
,0.0005,86849,,,,,,,
10,,86849,,34.34259033203125,,,,,
,0.0005,86899,,,,,,,
10,,86899,,30.983678817749023,,,,,
,0.0005,86949,,,,,,,
10,,86949,,35.74757766723633,,,,,
,0.0005,86999,,,,,,,
10,,86999,,41.47352600097656,,,,,
,0.0005,87049,,,,,,,
10,,87049,,33.81922149658203,,,,,
,0.0005,87099,,,,,,,
10,,87099,,31.941190719604492,,,,,
,0.0005,87149,,,,,,,
10,,87149,,35.77645492553711,,,,,
,0.0005,87199,,,,,,,
10,,87199,,40.25965881347656,,,,,
,0.0005,87249,,,,,,,
10,,87249,,32.91876983642578,,,,,
,0.0005,87299,,,,,,,
10,,87299,,28.376501083374023,,,,,
,0.0005,87349,,,,,,,
10,,87349,,37.89533615112305,,,,,
,0.0005,87399,,,,,,,
10,,87399,,30.123720169067383,,,,,
,0.0005,87449,,,,,,,
10,,87449,,39.32848358154297,,,,,
,0.0005,87499,,,,,,,
10,,87499,,35.21284484863281,,,,,
,0.0005,87549,,,,,,,
10,,87549,,31.797245025634766,,,,,
,0.0005,87599,,,,,,,
10,,87599,,30.868928909301758,,,,,
,0.0005,87649,,,,,,,
10,,87649,,37.92030334472656,,,,,
,0.0005,87699,,,,,,,
10,,87699,,33.146034240722656,,,,,
,0.0005,87749,,,,,,,
10,,87749,,36.298912048339844,,,,,
,0.0005,87799,,,,,,,
10,,87799,,37.41240692138672,,,,,
,0.0005,87849,,,,,,,
10,,87849,,36.86275100708008,,,,,
,0.0005,87899,,,,,,,
10,,87899,,38.609535217285156,,,,,
,0.0005,87949,,,,,,,
10,,87949,,32.02362823486328,,,,,
,0.0005,87999,,,,,,,
10,,87999,,35.54402542114258,,,,,
,0.0005,88049,,,,,,,
10,,88049,,32.26007843017578,,,,,
,0.0005,88099,,,,,,,
10,,88099,,28.356250762939453,,,,,
,0.0005,88149,,,,,,,
10,,88149,,37.15998077392578,,,,,
,0.0005,88199,,,,,,,
10,,88199,,30.628936767578125,,,,,
,0.0005,88249,,,,,,,
10,,88249,,36.13192367553711,,,,,
,0.0005,88299,,,,,,,
10,,88299,,36.41343307495117,,,,,
,0.0005,88349,,,,,,,
10,,88349,,35.54948425292969,,,,,
,0.0005,88399,,,,,,,
10,,88399,,31.08161735534668,,,,,
,0.0005,88449,,,,,,,
10,,88449,,29.673656463623047,,,,,
,0.0005,88499,,,,,,,
10,,88499,,37.48690414428711,,,,,
,0.0005,88549,,,,,,,
10,,88549,,34.08835220336914,,,,,
,0.0005,88599,,,,,,,
10,,88599,,33.55009460449219,,,,,
,0.0005,88649,,,,,,,
10,,88649,,29.690467834472656,,,,,
,0.0005,88699,,,,,,,
10,,88699,,35.08536148071289,,,,,
,0.0005,88749,,,,,,,
10,,88749,,31.18365478515625,,,,,
,0.0005,88799,,,,,,,
10,,88799,,29.477733612060547,,,,,
,0.0005,88849,,,,,,,
10,,88849,,33.178157806396484,,,,,
,0.0005,88899,,,,,,,
10,,88899,,30.19614601135254,,,,,
,0.0005,88949,,,,,,,
10,,88949,,31.204313278198242,,,,,
,0.0005,88999,,,,,,,
10,,88999,,32.52860641479492,,,,,
,0.0005,89049,,,,,,,
10,,89049,,33.23278045654297,,,,,
10,,89055,,,649.9518432617188,0.009446779265999794,686.9932250976562,0.00937209464609623,166.76699829101562
10,,89055,34.55613327026367,,,,,,
,0.0005,89099,,,,,,,
11,,89099,,37.63526916503906,,,,,
,0.0005,89149,,,,,,,
11,,89149,,31.918445587158203,,,,,
,0.0005,89199,,,,,,,
11,,89199,,31.07746124267578,,,,,
,0.0005,89249,,,,,,,
11,,89249,,32.10940170288086,,,,,
,0.0005,89299,,,,,,,
11,,89299,,37.235233306884766,,,,,
,0.0005,89349,,,,,,,
11,,89349,,32.7026481628418,,,,,
,0.0005,89399,,,,,,,
11,,89399,,34.8326416015625,,,,,
,0.0005,89449,,,,,,,
11,,89449,,38.195457458496094,,,,,
,0.0005,89499,,,,,,,
11,,89499,,40.83625030517578,,,,,
,0.0005,89549,,,,,,,
11,,89549,,37.56270980834961,,,,,
,0.0005,89599,,,,,,,
11,,89599,,38.5961799621582,,,,,
,0.0005,89649,,,,,,,
11,,89649,,34.400779724121094,,,,,
,0.0005,89699,,,,,,,
11,,89699,,32.83477020263672,,,,,
,0.0005,89749,,,,,,,
11,,89749,,34.86437225341797,,,,,
,0.0005,89799,,,,,,,
11,,89799,,34.96255111694336,,,,,
,0.0005,89849,,,,,,,
11,,89849,,38.78434371948242,,,,,
,0.0005,89899,,,,,,,
11,,89899,,42.5065803527832,,,,,
,0.0005,89949,,,,,,,
11,,89949,,29.68928337097168,,,,,
,0.0005,89999,,,,,,,
11,,89999,,35.246089935302734,,,,,
,0.0005,90049,,,,,,,
11,,90049,,33.47544479370117,,,,,
,0.0005,90099,,,,,,,
11,,90099,,31.105661392211914,,,,,
,0.0005,90149,,,,,,,
11,,90149,,31.500333786010742,,,,,
,0.0005,90199,,,,,,,
11,,90199,,34.523277282714844,,,,,
,0.0005,90249,,,,,,,
11,,90249,,37.02568817138672,,,,,
,0.0005,90299,,,,,,,
11,,90299,,41.73807144165039,,,,,
,0.0005,90349,,,,,,,
11,,90349,,28.963651657104492,,,,,
,0.0005,90399,,,,,,,
11,,90399,,33.76980972290039,,,,,
,0.0005,90449,,,,,,,
11,,90449,,32.64606857299805,,,,,
,0.0005,90499,,,,,,,
11,,90499,,33.12806701660156,,,,,
,0.0005,90549,,,,,,,
11,,90549,,33.00674057006836,,,,,
,0.0005,90599,,,,,,,
11,,90599,,33.75706481933594,,,,,
,0.0005,90649,,,,,,,
11,,90649,,32.63847351074219,,,,,
,0.0005,90699,,,,,,,
11,,90699,,36.30147171020508,,,,,
,0.0005,90749,,,,,,,
11,,90749,,30.733652114868164,,,,,
,0.0005,90799,,,,,,,
11,,90799,,37.47664260864258,,,,,
,0.0005,90849,,,,,,,
11,,90849,,34.78117752075195,,,,,
,0.0005,90899,,,,,,,
11,,90899,,26.993101119995117,,,,,
,0.0005,90949,,,,,,,
11,,90949,,37.1392822265625,,,,,
,0.0005,90999,,,,,,,
11,,90999,,43.58372497558594,,,,,
,0.0005,91049,,,,,,,
11,,91049,,37.49467468261719,,,,,
,0.0005,91099,,,,,,,
11,,91099,,31.932462692260742,,,,,
,0.0005,91149,,,,,,,
11,,91149,,31.64438819885254,,,,,
,0.0005,91199,,,,,,,
11,,91199,,31.86990737915039,,,,,
,0.0005,91249,,,,,,,
11,,91249,,33.03227233886719,,,,,
,0.0005,91299,,,,,,,
11,,91299,,36.0865364074707,,,,,
,0.0005,91349,,,,,,,
11,,91349,,28.446264266967773,,,,,
,0.0005,91399,,,,,,,
11,,91399,,30.56159210205078,,,,,
,0.0005,91449,,,,,,,
11,,91449,,34.114559173583984,,,,,
,0.0005,91499,,,,,,,
11,,91499,,31.066030502319336,,,,,
,0.0005,91549,,,,,,,
11,,91549,,31.57831573486328,,,,,
,0.0005,91599,,,,,,,
11,,91599,,33.52867889404297,,,,,
,0.0005,91649,,,,,,,
11,,91649,,37.89371109008789,,,,,
,0.0005,91699,,,,,,,
11,,91699,,32.50478744506836,,,,,
,0.0005,91749,,,,,,,
11,,91749,,35.544010162353516,,,,,
,0.0005,91799,,,,,,,
11,,91799,,32.53434371948242,,,,,
,0.0005,91849,,,,,,,
11,,91849,,35.70907211303711,,,,,
,0.0005,91899,,,,,,,
11,,91899,,33.62883758544922,,,,,
,0.0005,91949,,,,,,,
11,,91949,,32.61107635498047,,,,,
,0.0005,91999,,,,,,,
11,,91999,,30.62745475769043,,,,,
,0.0005,92049,,,,,,,
11,,92049,,32.951133728027344,,,,,
,0.0005,92099,,,,,,,
11,,92099,,35.96657180786133,,,,,
,0.0005,92149,,,,,,,
11,,92149,,37.50928497314453,,,,,
,0.0005,92199,,,,,,,
11,,92199,,31.956697463989258,,,,,
,0.0005,92249,,,,,,,
11,,92249,,31.50980567932129,,,,,
,0.0005,92299,,,,,,,
11,,92299,,35.60790252685547,,,,,
,0.0005,92349,,,,,,,
11,,92349,,31.784482955932617,,,,,
,0.0005,92399,,,,,,,
11,,92399,,31.886659622192383,,,,,
,0.0005,92449,,,,,,,
11,,92449,,31.998638153076172,,,,,
,0.0005,92499,,,,,,,
11,,92499,,33.274818420410156,,,,,
,0.0005,92549,,,,,,,
11,,92549,,32.52456283569336,,,,,
,0.0005,92599,,,,,,,
11,,92599,,34.4005126953125,,,,,
,0.0005,92649,,,,,,,
11,,92649,,29.752779006958008,,,,,
,0.0005,92699,,,,,,,
11,,92699,,34.20581817626953,,,,,
,0.0005,92749,,,,,,,
11,,92749,,31.803895950317383,,,,,
,0.0005,92799,,,,,,,
11,,92799,,32.694034576416016,,,,,
,0.0005,92849,,,,,,,
11,,92849,,32.02992248535156,,,,,
,0.0005,92899,,,,,,,
11,,92899,,30.34593391418457,,,,,
,0.0005,92949,,,,,,,
11,,92949,,34.415531158447266,,,,,
,0.0005,92999,,,,,,,
11,,92999,,37.133846282958984,,,,,
,0.0005,93049,,,,,,,
11,,93049,,34.90055465698242,,,,,
,0.0005,93099,,,,,,,
11,,93099,,30.511615753173828,,,,,
,0.0005,93149,,,,,,,
11,,93149,,38.1267204284668,,,,,
,0.0005,93199,,,,,,,
11,,93199,,31.602842330932617,,,,,
,0.0005,93249,,,,,,,
11,,93249,,37.68366622924805,,,,,
,0.0005,93299,,,,,,,
11,,93299,,34.211116790771484,,,,,
,0.0005,93349,,,,,,,
11,,93349,,30.7196102142334,,,,,
,0.0005,93399,,,,,,,
11,,93399,,39.71623611450195,,,,,
,0.0005,93449,,,,,,,
11,,93449,,36.26600646972656,,,,,
,0.0005,93499,,,,,,,
11,,93499,,31.809307098388672,,,,,
,0.0005,93549,,,,,,,
11,,93549,,38.66061019897461,,,,,
,0.0005,93599,,,,,,,
11,,93599,,32.80590057373047,,,,,
,0.0005,93649,,,,,,,
11,,93649,,33.529781341552734,,,,,
,0.0005,93699,,,,,,,
11,,93699,,29.962404251098633,,,,,
,0.0005,93749,,,,,,,
11,,93749,,32.951072692871094,,,,,
,0.0005,93799,,,,,,,
11,,93799,,32.88430404663086,,,,,
,0.0005,93849,,,,,,,
11,,93849,,29.752300262451172,,,,,
,0.0005,93899,,,,,,,
11,,93899,,34.6811408996582,,,,,
,0.0005,93949,,,,,,,
11,,93949,,35.38142013549805,,,,,
,0.0005,93999,,,,,,,
11,,93999,,30.842622756958008,,,,,
,0.0005,94049,,,,,,,
11,,94049,,29.742624282836914,,,,,
,0.0005,94099,,,,,,,
11,,94099,,34.384071350097656,,,,,
,0.0005,94149,,,,,,,
11,,94149,,32.2626953125,,,,,
,0.0005,94199,,,,,,,
11,,94199,,32.755340576171875,,,,,
,0.0005,94249,,,,,,,
11,,94249,,28.54557228088379,,,,,
,0.0005,94299,,,,,,,
11,,94299,,30.30292510986328,,,,,
,0.0005,94349,,,,,,,
11,,94349,,30.518310546875,,,,,
,0.0005,94399,,,,,,,
11,,94399,,31.94807243347168,,,,,
,0.0005,94449,,,,,,,
11,,94449,,33.5052490234375,,,,,
,0.0005,94499,,,,,,,
11,,94499,,33.86782455444336,,,,,
,0.0005,94549,,,,,,,
11,,94549,,29.984487533569336,,,,,
,0.0005,94599,,,,,,,
11,,94599,,33.14594650268555,,,,,
,0.0005,94649,,,,,,,
11,,94649,,32.755409240722656,,,,,
,0.0005,94699,,,,,,,
11,,94699,,36.75666427612305,,,,,
,0.0005,94749,,,,,,,
11,,94749,,37.76945495605469,,,,,
,0.0005,94799,,,,,,,
11,,94799,,31.434907913208008,,,,,
,0.0005,94849,,,,,,,
11,,94849,,28.183998107910156,,,,,
,0.0005,94899,,,,,,,
11,,94899,,33.54717254638672,,,,,
,0.0005,94949,,,,,,,
11,,94949,,32.48256301879883,,,,,
,0.0005,94999,,,,,,,
11,,94999,,34.285037994384766,,,,,
,0.0005,95049,,,,,,,
11,,95049,,43.06816482543945,,,,,
,0.0005,95099,,,,,,,
11,,95099,,34.17190933227539,,,,,
,0.0005,95149,,,,,,,
11,,95149,,29.90589141845703,,,,,
,0.0005,95199,,,,,,,
11,,95199,,31.12943458557129,,,,,
,0.0005,95249,,,,,,,
11,,95249,,32.02750015258789,,,,,
,0.0005,95299,,,,,,,
11,,95299,,30.100971221923828,,,,,
,0.0005,95349,,,,,,,
11,,95349,,33.69472122192383,,,,,
,0.0005,95399,,,,,,,
11,,95399,,28.403018951416016,,,,,
,0.0005,95449,,,,,,,
11,,95449,,36.50729751586914,,,,,
,0.0005,95499,,,,,,,
11,,95499,,29.745983123779297,,,,,
,0.0005,95549,,,,,,,
11,,95549,,34.94837188720703,,,,,
,0.0005,95599,,,,,,,
11,,95599,,34.94988250732422,,,,,
,0.0005,95649,,,,,,,
11,,95649,,34.71331787109375,,,,,
,0.0005,95699,,,,,,,
11,,95699,,31.15606117248535,,,,,
,0.0005,95749,,,,,,,
11,,95749,,32.29703903198242,,,,,
,0.0005,95799,,,,,,,
11,,95799,,34.881202697753906,,,,,
,0.0005,95849,,,,,,,
11,,95849,,36.13997268676758,,,,,
,0.0005,95899,,,,,,,
11,,95899,,33.09967041015625,,,,,
,0.0005,95949,,,,,,,
11,,95949,,37.403568267822266,,,,,
,0.0005,95999,,,,,,,
11,,95999,,27.400779724121094,,,,,
,0.0005,96049,,,,,,,
11,,96049,,34.4304084777832,,,,,
,0.0005,96099,,,,,,,
11,,96099,,29.45431900024414,,,,,
,0.0005,96149,,,,,,,
11,,96149,,35.055965423583984,,,,,
,0.0005,96199,,,,,,,
11,,96199,,32.84474563598633,,,,,
,0.0005,96249,,,,,,,
11,,96249,,34.13905334472656,,,,,
,0.0005,96299,,,,,,,
11,,96299,,34.2357177734375,,,,,
,0.0005,96349,,,,,,,
11,,96349,,35.76492691040039,,,,,
,0.0005,96399,,,,,,,
11,,96399,,33.61287307739258,,,,,
,0.0005,96449,,,,,,,
11,,96449,,29.43313217163086,,,,,
,0.0005,96499,,,,,,,
11,,96499,,30.539806365966797,,,,,
,0.0005,96549,,,,,,,
11,,96549,,34.35201644897461,,,,,
,0.0005,96599,,,,,,,
11,,96599,,31.35807228088379,,,,,
,0.0005,96649,,,,,,,
11,,96649,,29.96538543701172,,,,,
,0.0005,96699,,,,,,,
11,,96699,,30.64283561706543,,,,,
,0.0005,96749,,,,,,,
11,,96749,,38.24884796142578,,,,,
,0.0005,96799,,,,,,,
11,,96799,,34.197322845458984,,,,,
,0.0005,96849,,,,,,,
11,,96849,,33.3118896484375,,,,,
,0.0005,96899,,,,,,,
11,,96899,,36.591651916503906,,,,,
,0.0005,96949,,,,,,,
11,,96949,,32.45438766479492,,,,,
,0.0005,96999,,,,,,,
11,,96999,,32.395912170410156,,,,,
,0.0005,97049,,,,,,,
11,,97049,,36.70341873168945,,,,,
,0.0005,97099,,,,,,,
11,,97099,,30.570716857910156,,,,,
,0.0005,97149,,,,,,,
11,,97149,,29.608020782470703,,,,,
11,,97151,,,583.5713500976562,0.008512706495821476,626.0438842773438,0.008444948121905327,151.10365295410156
11,,97151,33.53823471069336,,,,,,
,0.0005,97199,,,,,,,
12,,97199,,31.87108612060547,,,,,
,0.0005,97249,,,,,,,
12,,97249,,31.35338592529297,,,,,
,0.0005,97299,,,,,,,
12,,97299,,30.528743743896484,,,,,
,0.0005,97349,,,,,,,
12,,97349,,32.18928909301758,,,,,
,0.0005,97399,,,,,,,
12,,97399,,30.61204719543457,,,,,
,0.0005,97449,,,,,,,
12,,97449,,30.332420349121094,,,,,
,0.0005,97499,,,,,,,
12,,97499,,35.04547119140625,,,,,
,0.0005,97549,,,,,,,
12,,97549,,33.039268493652344,,,,,
,0.0005,97599,,,,,,,
12,,97599,,37.32146072387695,,,,,
,0.0005,97649,,,,,,,
12,,97649,,37.00252151489258,,,,,
,0.0005,97699,,,,,,,
12,,97699,,41.872215270996094,,,,,
,0.0005,97749,,,,,,,
12,,97749,,37.83466339111328,,,,,
,0.0005,97799,,,,,,,
12,,97799,,32.403297424316406,,,,,
,0.0005,97849,,,,,,,
12,,97849,,33.36920928955078,,,,,
,0.0005,97899,,,,,,,
12,,97899,,29.485637664794922,,,,,
,0.0005,97949,,,,,,,
12,,97949,,38.884273529052734,,,,,
,0.0005,97999,,,,,,,
12,,97999,,27.355060577392578,,,,,
,0.0005,98049,,,,,,,
12,,98049,,30.043947219848633,,,,,
,0.0005,98099,,,,,,,
12,,98099,,31.21062469482422,,,,,
,0.0005,98149,,,,,,,
12,,98149,,33.48715591430664,,,,,
,0.0005,98199,,,,,,,
12,,98199,,33.17228698730469,,,,,
,0.0005,98249,,,,,,,
12,,98249,,34.39152908325195,,,,,
,0.0005,98299,,,,,,,
12,,98299,,33.97426986694336,,,,,
,0.0005,98349,,,,,,,
12,,98349,,33.65301513671875,,,,,
,0.0005,98399,,,,,,,
12,,98399,,33.3329963684082,,,,,
,0.0005,98449,,,,,,,
12,,98449,,30.099592208862305,,,,,
,0.0005,98499,,,,,,,
12,,98499,,32.45475387573242,,,,,
,0.0005,98549,,,,,,,
12,,98549,,32.52428436279297,,,,,
,0.0005,98599,,,,,,,
12,,98599,,32.09653854370117,,,,,
,0.0005,98649,,,,,,,
12,,98649,,35.53166961669922,,,,,
,0.0005,98699,,,,,,,
12,,98699,,30.368722915649414,,,,,
,0.0005,98749,,,,,,,
12,,98749,,31.159292221069336,,,,,
,0.0005,98799,,,,,,,
12,,98799,,34.41979217529297,,,,,
,0.0005,98849,,,,,,,
12,,98849,,26.697771072387695,,,,,
,0.0005,98899,,,,,,,
12,,98899,,31.278581619262695,,,,,
,0.0005,98949,,,,,,,
12,,98949,,32.42955780029297,,,,,
,0.0005,98999,,,,,,,
12,,98999,,32.921878814697266,,,,,
,0.0005,99049,,,,,,,
12,,99049,,34.81521987915039,,,,,
,0.0005,99099,,,,,,,
12,,99099,,32.080020904541016,,,,,
,0.0005,99149,,,,,,,
12,,99149,,31.70271110534668,,,,,
,0.0005,99199,,,,,,,
12,,99199,,38.35597229003906,,,,,
,0.0005,99249,,,,,,,
12,,99249,,32.658653259277344,,,,,
,0.0005,99299,,,,,,,
12,,99299,,28.14628791809082,,,,,
,0.0005,99349,,,,,,,
12,,99349,,30.790685653686523,,,,,
,0.0005,99399,,,,,,,
12,,99399,,38.34904098510742,,,,,
,0.0005,99449,,,,,,,
12,,99449,,34.189395904541016,,,,,
,0.0005,99499,,,,,,,
12,,99499,,33.43096923828125,,,,,
,0.0005,99549,,,,,,,
12,,99549,,32.204429626464844,,,,,
,0.0005,99599,,,,,,,
12,,99599,,27.259794235229492,,,,,
,0.0005,99649,,,,,,,
12,,99649,,33.91324234008789,,,,,
,0.0005,99699,,,,,,,
12,,99699,,27.809850692749023,,,,,
,0.0005,99749,,,,,,,
12,,99749,,32.617130279541016,,,,,
,0.0005,99799,,,,,,,
12,,99799,,35.39242172241211,,,,,
,0.0005,99849,,,,,,,
12,,99849,,37.83905029296875,,,,,
,0.0005,99899,,,,,,,
12,,99899,,32.656436920166016,,,,,
,0.0005,99949,,,,,,,
12,,99949,,34.037864685058594,,,,,
,0.0005,99999,,,,,,,
12,,99999,,33.68544387817383,,,,,
,0.0005,100049,,,,,,,
12,,100049,,32.36215591430664,,,,,
,0.0005,100099,,,,,,,
12,,100099,,33.396568298339844,,,,,
,0.0005,100149,,,,,,,
12,,100149,,32.72966384887695,,,,,
,0.0005,100199,,,,,,,
12,,100199,,26.45328712463379,,,,,
,0.0005,100249,,,,,,,
12,,100249,,30.463651657104492,,,,,
,0.0005,100299,,,,,,,
12,,100299,,31.756664276123047,,,,,
,0.0005,100349,,,,,,,
12,,100349,,29.825464248657227,,,,,
,0.0005,100399,,,,,,,
12,,100399,,29.99112319946289,,,,,
,0.0005,100449,,,,,,,
12,,100449,,34.243263244628906,,,,,
,0.0005,100499,,,,,,,
12,,100499,,42.55531311035156,,,,,
,0.0005,100549,,,,,,,
12,,100549,,33.345664978027344,,,,,
,0.0005,100599,,,,,,,
12,,100599,,35.081199645996094,,,,,
,0.0005,100649,,,,,,,
12,,100649,,30.885337829589844,,,,,
,0.0005,100699,,,,,,,
12,,100699,,33.09945297241211,,,,,
,0.0005,100749,,,,,,,
12,,100749,,39.127689361572266,,,,,
,0.0005,100799,,,,,,,
12,,100799,,28.82435417175293,,,,,
,0.0005,100849,,,,,,,
12,,100849,,27.311229705810547,,,,,
,0.0005,100899,,,,,,,
12,,100899,,33.136871337890625,,,,,
,0.0005,100949,,,,,,,
12,,100949,,36.23701858520508,,,,,
,0.0005,100999,,,,,,,
12,,100999,,33.95390701293945,,,,,
,0.0005,101049,,,,,,,
12,,101049,,32.79736328125,,,,,
,0.0005,101099,,,,,,,
12,,101099,,32.342430114746094,,,,,
,0.0005,101149,,,,,,,
12,,101149,,37.69852066040039,,,,,
,0.0005,101199,,,,,,,
12,,101199,,44.296852111816406,,,,,
,0.0005,101249,,,,,,,
12,,101249,,32.114219665527344,,,,,
,0.0005,101299,,,,,,,
12,,101299,,32.49141311645508,,,,,
,0.0005,101349,,,,,,,
12,,101349,,37.194618225097656,,,,,
,0.0005,101399,,,,,,,
12,,101399,,30.62045669555664,,,,,
,0.0005,101449,,,,,,,
12,,101449,,37.641578674316406,,,,,
,0.0005,101499,,,,,,,
12,,101499,,39.06010055541992,,,,,
,0.0005,101549,,,,,,,
12,,101549,,31.42591667175293,,,,,
,0.0005,101599,,,,,,,
12,,101599,,45.30177307128906,,,,,
,0.0005,101649,,,,,,,
12,,101649,,30.013431549072266,,,,,
,0.0005,101699,,,,,,,
12,,101699,,33.956581115722656,,,,,
,0.0005,101749,,,,,,,
12,,101749,,32.274208068847656,,,,,
,0.0005,101799,,,,,,,
12,,101799,,37.21879577636719,,,,,
,0.0005,101849,,,,,,,
12,,101849,,33.610511779785156,,,,,
,0.0005,101899,,,,,,,
12,,101899,,30.856435775756836,,,,,
,0.0005,101949,,,,,,,
12,,101949,,34.60116195678711,,,,,
,0.0005,101999,,,,,,,
12,,101999,,35.28512191772461,,,,,
,0.0005,102049,,,,,,,
12,,102049,,32.77279281616211,,,,,
,0.0005,102099,,,,,,,
12,,102099,,28.668663024902344,,,,,
,0.0005,102149,,,,,,,
12,,102149,,28.669706344604492,,,,,
,0.0005,102199,,,,,,,
12,,102199,,34.232444763183594,,,,,
,0.0005,102249,,,,,,,
12,,102249,,30.529773712158203,,,,,
,0.0005,102299,,,,,,,
12,,102299,,32.245567321777344,,,,,
,0.0005,102349,,,,,,,
12,,102349,,31.58194351196289,,,,,
,0.0005,102399,,,,,,,
12,,102399,,30.0629825592041,,,,,
,0.0005,102449,,,,,,,
12,,102449,,31.435354232788086,,,,,
,0.0005,102499,,,,,,,
12,,102499,,31.66416358947754,,,,,
,0.0005,102549,,,,,,,
12,,102549,,31.17206382751465,,,,,
,0.0005,102599,,,,,,,
12,,102599,,35.05434036254883,,,,,
,0.0005,102649,,,,,,,
12,,102649,,32.67750930786133,,,,,
,0.0005,102699,,,,,,,
12,,102699,,29.34215545654297,,,,,
,0.0005,102749,,,,,,,
12,,102749,,30.85064125061035,,,,,
,0.0005,102799,,,,,,,
12,,102799,,35.21071243286133,,,,,
,0.0005,102849,,,,,,,
12,,102849,,29.514787673950195,,,,,
,0.0005,102899,,,,,,,
12,,102899,,33.9656982421875,,,,,
,0.0005,102949,,,,,,,
12,,102949,,31.267200469970703,,,,,
,0.0005,102999,,,,,,,
12,,102999,,30.940673828125,,,,,
,0.0005,103049,,,,,,,
12,,103049,,31.190677642822266,,,,,
,0.0005,103099,,,,,,,
12,,103099,,35.28528594970703,,,,,
,0.0005,103149,,,,,,,
12,,103149,,30.205806732177734,,,,,
,0.0005,103199,,,,,,,
12,,103199,,30.16569709777832,,,,,
,0.0005,103249,,,,,,,
12,,103249,,30.252378463745117,,,,,
,0.0005,103299,,,,,,,
12,,103299,,29.300533294677734,,,,,
,0.0005,103349,,,,,,,
12,,103349,,29.43524742126465,,,,,
,0.0005,103399,,,,,,,
12,,103399,,29.2534236907959,,,,,
,0.0005,103449,,,,,,,
12,,103449,,30.938152313232422,,,,,
,0.0005,103499,,,,,,,
12,,103499,,29.719327926635742,,,,,
,0.0005,103549,,,,,,,
12,,103549,,28.134777069091797,,,,,
,0.0005,103599,,,,,,,
12,,103599,,31.674076080322266,,,,,
,0.0005,103649,,,,,,,
12,,103649,,34.67395782470703,,,,,
,0.0005,103699,,,,,,,
12,,103699,,27.450761795043945,,,,,
,0.0005,103749,,,,,,,
12,,103749,,28.86671257019043,,,,,
,0.0005,103799,,,,,,,
12,,103799,,28.915367126464844,,,,,
,0.0005,103849,,,,,,,
12,,103849,,37.853965759277344,,,,,
,0.0005,103899,,,,,,,
12,,103899,,29.80130386352539,,,,,
,0.0005,103949,,,,,,,
12,,103949,,32.035640716552734,,,,,
,0.0005,103999,,,,,,,
12,,103999,,29.97318458557129,,,,,
,0.0005,104049,,,,,,,
12,,104049,,29.721771240234375,,,,,
,0.0005,104099,,,,,,,
12,,104099,,31.10889434814453,,,,,
,0.0005,104149,,,,,,,
12,,104149,,31.142377853393555,,,,,
,0.0005,104199,,,,,,,
12,,104199,,34.35539627075195,,,,,
,0.0005,104249,,,,,,,
12,,104249,,33.26173400878906,,,,,
,0.0005,104299,,,,,,,
12,,104299,,29.308134078979492,,,,,
,0.0005,104349,,,,,,,
12,,104349,,31.242223739624023,,,,,
,0.0005,104399,,,,,,,
12,,104399,,31.927703857421875,,,,,
,0.0005,104449,,,,,,,
12,,104449,,30.879825592041016,,,,,
,0.0005,104499,,,,,,,
12,,104499,,32.79244613647461,,,,,
,0.0005,104549,,,,,,,
12,,104549,,37.94945526123047,,,,,
,0.0005,104599,,,,,,,
12,,104599,,30.415569305419922,,,,,
,0.0005,104649,,,,,,,
12,,104649,,31.330108642578125,,,,,
,0.0005,104699,,,,,,,
12,,104699,,32.074771881103516,,,,,
,0.0005,104749,,,,,,,
12,,104749,,32.803733825683594,,,,,
,0.0005,104799,,,,,,,
12,,104799,,29.229902267456055,,,,,
,0.0005,104849,,,,,,,
12,,104849,,26.861976623535156,,,,,
,0.0005,104899,,,,,,,
12,,104899,,30.78927993774414,,,,,
,0.0005,104949,,,,,,,
12,,104949,,30.01230812072754,,,,,
,0.0005,104999,,,,,,,
12,,104999,,29.771970748901367,,,,,
,0.0005,105049,,,,,,,
12,,105049,,31.981151580810547,,,,,
,0.0005,105099,,,,,,,
12,,105099,,28.96880340576172,,,,,
,0.0005,105149,,,,,,,
12,,105149,,31.130916595458984,,,,,
,0.0005,105199,,,,,,,
12,,105199,,31.947481155395508,,,,,
12,,105247,,,661.1878662109375,0.009628134779632092,705.9840698242188,0.009545291773974895,175.27532958984375
12,,105247,32.5944709777832,,,,,,
